INSERT INTO "sgf"."tb_permissao" (codpermissao,descpermissao,nomepermissao) VALUES (1,'DIARIO DE BOMBAS','RULE_DIARIO_BOMBA');
INSERT INTO "sgf"."tb_permissao" (codpermissao,descpermissao,nomepermissao) VALUES (2,'SOLICITAÇÃO DE ABASTECIMENTO','RULE_ABASTECIMENTO');
INSERT INTO "sgf"."tb_permissao" (codpermissao,descpermissao,nomepermissao) VALUES (3,'SOLICITAÇÃO DE VEÍCULOS','RULE_SOLVEICULO');
INSERT INTO "sgf"."tb_permissao" (codpermissao,descpermissao,nomepermissao) VALUES (4,'SOLICITAÇÃO DE MANUTENÇÃO','RULE_MANUNTENCAO');
INSERT INTO "sgf"."tb_permissao" (codpermissao,descpermissao,nomepermissao) VALUES (5,'SOLICITAÇÃO DE LUBRIFICANTES','RULE_LUBRIFICANTE');
INSERT INTO "sgf"."tb_permissao" (codpermissao,descpermissao,nomepermissao) VALUES (6,'CADASTRAR USUÁRIO','RULE_USUARIO');
INSERT INTO "sgf"."tb_permissao" (codpermissao,descpermissao,nomepermissao) VALUES (7,'CADASTRAR PERFIL','RULE_PERFIL');
INSERT INTO "sgf"."tb_permissao" (codpermissao,descpermissao,nomepermissao) VALUES (8,'COTA DE ABASTECIMENTO','RULE_COTA');
INSERT INTO "sgf"."tb_permissao" (codpermissao,descpermissao,nomepermissao) VALUES (9,'INFRAÇÃO','RULE_INFRACAO');
INSERT INTO "sgf"."tb_permissao" (codpermissao,descpermissao,nomepermissao) VALUES (10,'MOTORISTA','RULE_MOTORISTA');
INSERT INTO "sgf"."tb_permissao" (codpermissao,descpermissao,nomepermissao) VALUES (11,'MULTAS','RULE_MULTA');
INSERT INTO "sgf"."tb_permissao" (codpermissao,descpermissao,nomepermissao) VALUES (12,'NÚMERO DE MOTOR','RULE_NR_MOTOR');
INSERT INTO "sgf"."tb_permissao" (codpermissao,descpermissao,nomepermissao) VALUES (13,'VEÍCULOS','RULE_VEICULO');
INSERT INTO "sgf"."tb_permissao" (codpermissao,descpermissao,nomepermissao) VALUES (14,'OFICINA','RULE_OFICINA');
INSERT INTO "sgf"."tb_permissao" (codpermissao,descpermissao,nomepermissao) VALUES (15,'ESPECIES','RULE_ESPECIE');
INSERT INTO "sgf"."tb_permissao" (codpermissao,descpermissao,nomepermissao) VALUES (16,'BOMBAS','RULE_BOMBA');
INSERT INTO "sgf"."tb_permissao" (codpermissao,descpermissao,nomepermissao) VALUES (17,'TIPOS DE SERVIÇOS','RULE_TIPO_SERVICO');
INSERT INTO "sgf"."tb_permissao" (codpermissao,descpermissao,nomepermissao) VALUES (18,'MODELOS','RULE_MODELO');
INSERT INTO "sgf"."tb_permissao" (codpermissao,descpermissao,nomepermissao) VALUES (19,'MARCAS','RULE_MARCA');
INSERT INTO "sgf"."tb_permissao" (codpermissao,descpermissao,nomepermissao) VALUES (20,'CADASTROS','RULE_CADASTRO');
INSERT INTO "sgf"."tb_permissao" (codpermissao,descpermissao,nomepermissao) VALUES (21,'ADMINISTRAÇÃO','RULE_ADMINISTRACAO');
INSERT INTO "sgf"."tb_permissao" (codpermissao,descpermissao,nomepermissao) VALUES (22,'PERMISSÃO','RULE_PERMISSAO');
INSERT INTO "sgf"."tb_permissao" (codpermissao,descpermissao,nomepermissao) VALUES (23,'RELATÓRIOS','RULE_RELATORIO');
INSERT INTO "sgf"."tb_permissao" (codpermissao,descpermissao,nomepermissao) VALUES (24,'RELATÓRIO DE MULTAS','RULE_REL_PONTUACAO_MOTORISTA');
INSERT INTO "sgf"."tb_permissao" (codpermissao,descpermissao,nomepermissao) VALUES (25,'RELATÓRIO DE DIARIO DE BOMBAS','RULE_REL_DIARIO_BOMBA');
INSERT INTO "sgf"."tb_permissao" (codpermissao,descpermissao,nomepermissao) VALUES (26,'RELATÓRIOS DE MULTAS DE VEÍCULOS','RULE_REL_VEICULO_MULTA');
INSERT INTO "sgf"."tb_permissao" (codpermissao,descpermissao,nomepermissao) VALUES (27,'Relatório de Consumo de Combustível','RULE_REL_CONSUMO_COMBUSTIVEL');
INSERT INTO "sgf"."tb_permissao" (codpermissao,descpermissao,nomepermissao) VALUES (28,'Relatório Consolidado Mensal','RULE_REL_CONSOLIDADO_MENSAL');
INSERT INTO "sgf"."tb_permissao" (codpermissao,descpermissao,nomepermissao) VALUES (29,'ATIVIDADES/SOLICITAÇÕES DE VEÍCULOS','RULE_ATIVIDADE');
INSERT INTO "sgf"."tb_permissao" (codpermissao,descpermissao,nomepermissao) VALUES (38,'RELATÓRIO DE KILOMENTROS RODADOS POR VEÍCULO POR ORGÃO','RULE_REL_KILOMETROS_RODADOS_VEICULO');

INSERT INTO "sgf"."tb_ug" (cod_ug,nm_ug,flag) VALUES ('100001','SECRETARIA DE TRANSPORTES ',null);
INSERT INTO "sgf"."tb_ug" (cod_ug,nm_ug,flag) VALUES ('100002','SECRETARIA DE ADMINISTRAÇÃO',null);
INSERT INTO "sgf"."tb_ua" (cod_ua,nm_ua,flag,cod_ug) VALUES ('10001','SETOR DE TRANSPORTE',1,'100001');
INSERT INTO "sgf"."tb_ua" (cod_ua,nm_ua,flag,cod_ug) VALUES ('10002','SETOR DE PATRIMONIO',1,'100002');


INSERT INTO "sgf"."tb_cadpessoa" (codpessoa,cpf,tppessoa,nome,matricula,status_rh,cod_ua,ativo) VALUES (8001,'130.600.701-13',7,'CHEFE DE TRANSP.',7848601,null,'10001', true);
INSERT INTO "sgf"."tb_cadpessoa" (codpessoa,cpf,tppessoa,nome,matricula,status_rh,cod_ua,ativo) VALUES (8002,'130.600.702-13',7,'OPERADOR',7848701,null,'10001',true);
INSERT INTO "sgf"."tb_cadpessoa" (codpessoa,cpf,tppessoa,nome,matricula,status_rh,cod_ua,ativo) VALUES (8003,'130.600.703-13',7,'ADMINISTRADOR',7848801,null,'10002',true);
INSERT INTO "sgf"."tb_pessoausuario" (codpessoausuario,codpessoa,login,senha,ativo,codposto,autoriza) VALUES (1,8003,'adm','12345','true',null,true);
update "sgf"."tb_pessoausuario" set senha = md5(senha); -- criptografa todas as senhas

INSERT INTO "sgf"."tb_grupo" (codgrupo,nomegrupo,autoridadegrupo) VALUES (1,'ADMINISTRADOR','ROLE_ADMIN');
INSERT INTO "sgf"."tb_grupo" (codgrupo,nomegrupo,autoridadegrupo) VALUES (2,'COORDENADOR DE TRANSPORTE','ROLE_COORD_TRANSP');
INSERT INTO "sgf"."tb_grupo" (codgrupo,nomegrupo,autoridadegrupo) VALUES (3,'CHEFE DE TRANSPORTE','ROLE_CHEFE_TRANSP');
INSERT INTO "sgf"."tb_grupo" (codgrupo,nomegrupo,autoridadegrupo) VALUES (4,'CHEFE DE SETOR','ROLE_CHEFE_SETOR');
INSERT INTO "sgf"."tb_grupo" (codgrupo,nomegrupo,autoridadegrupo) VALUES (5,'OPERADOR','ROLE_OPERADOR');
INSERT INTO "sgf"."tb_grupousuario" (codgrupo,codpessoausuario) VALUES (1,1);


INSERT INTO "sgf"."tb_grupopermissao" (codpermissao,codgrupo) VALUES (1,1);
INSERT INTO "sgf"."tb_grupopermissao" (codpermissao,codgrupo) VALUES (2,1);
INSERT INTO "sgf"."tb_grupopermissao" (codpermissao,codgrupo) VALUES (3,1);
INSERT INTO "sgf"."tb_grupopermissao" (codpermissao,codgrupo) VALUES (4,1);
INSERT INTO "sgf"."tb_grupopermissao" (codpermissao,codgrupo) VALUES (5,1);
INSERT INTO "sgf"."tb_grupopermissao" (codpermissao,codgrupo) VALUES (6,1);
INSERT INTO "sgf"."tb_grupopermissao" (codpermissao,codgrupo) VALUES (7,1);
INSERT INTO "sgf"."tb_grupopermissao" (codpermissao,codgrupo) VALUES (8,1);
INSERT INTO "sgf"."tb_grupopermissao" (codpermissao,codgrupo) VALUES (9,1);
INSERT INTO "sgf"."tb_grupopermissao" (codpermissao,codgrupo) VALUES (10,1);
INSERT INTO "sgf"."tb_grupopermissao" (codpermissao,codgrupo) VALUES (11,1);
INSERT INTO "sgf"."tb_grupopermissao" (codpermissao,codgrupo) VALUES (12,1);
INSERT INTO "sgf"."tb_grupopermissao" (codpermissao,codgrupo) VALUES (13,1);
INSERT INTO "sgf"."tb_grupopermissao" (codpermissao,codgrupo) VALUES (14,1);
INSERT INTO "sgf"."tb_grupopermissao" (codpermissao,codgrupo) VALUES (15,1);
INSERT INTO "sgf"."tb_grupopermissao" (codpermissao,codgrupo) VALUES (16,1);
INSERT INTO "sgf"."tb_grupopermissao" (codpermissao,codgrupo) VALUES (17,1);
INSERT INTO "sgf"."tb_grupopermissao" (codpermissao,codgrupo) VALUES (18,1);
INSERT INTO "sgf"."tb_grupopermissao" (codpermissao,codgrupo) VALUES (19,1);
INSERT INTO "sgf"."tb_grupopermissao" (codpermissao,codgrupo) VALUES (20,1);
INSERT INTO "sgf"."tb_grupopermissao" (codpermissao,codgrupo) VALUES (21,1);
INSERT INTO "sgf"."tb_grupopermissao" (codpermissao,codgrupo) VALUES (22,1);
INSERT INTO "sgf"."tb_grupopermissao" (codpermissao,codgrupo) VALUES (23,1);
INSERT INTO "sgf"."tb_grupopermissao" (codpermissao,codgrupo) VALUES (24,1);
INSERT INTO "sgf"."tb_grupopermissao" (codpermissao,codgrupo) VALUES (25,1);
INSERT INTO "sgf"."tb_grupopermissao" (codpermissao,codgrupo) VALUES (26,1);
INSERT INTO "sgf"."tb_grupopermissao" (codpermissao,codgrupo) VALUES (27,1);
INSERT INTO "sgf"."tb_grupopermissao" (codpermissao,codgrupo) VALUES (28,1);
INSERT INTO "sgf"."tb_grupopermissao" (codpermissao,codgrupo) VALUES (29,1);
INSERT INTO "sgf"."tb_grupopermissao" (codpermissao,codgrupo) VALUES (6,2);
INSERT INTO "sgf"."tb_grupopermissao" (codpermissao,codgrupo) VALUES (12,2);
INSERT INTO "sgf"."tb_grupopermissao" (codpermissao,codgrupo) VALUES (8,2);
INSERT INTO "sgf"."tb_grupopermissao" (codpermissao,codgrupo) VALUES (9,2);
INSERT INTO "sgf"."tb_grupopermissao" (codpermissao,codgrupo) VALUES (13,2);
INSERT INTO "sgf"."tb_grupopermissao" (codpermissao,codgrupo) VALUES (23,2);
INSERT INTO "sgf"."tb_grupopermissao" (codpermissao,codgrupo) VALUES (24,2);
INSERT INTO "sgf"."tb_grupopermissao" (codpermissao,codgrupo) VALUES (25,2);
INSERT INTO "sgf"."tb_grupopermissao" (codpermissao,codgrupo) VALUES (26,2);
INSERT INTO "sgf"."tb_grupopermissao" (codpermissao,codgrupo) VALUES (1,2);
INSERT INTO "sgf"."tb_grupopermissao" (codpermissao,codgrupo) VALUES (2,2);
INSERT INTO "sgf"."tb_grupopermissao" (codpermissao,codgrupo) VALUES (3,2);
INSERT INTO "sgf"."tb_grupopermissao" (codpermissao,codgrupo) VALUES (4,2);
INSERT INTO "sgf"."tb_grupopermissao" (codpermissao,codgrupo) VALUES (5,2);
INSERT INTO "sgf"."tb_grupopermissao" (codpermissao,codgrupo) VALUES (7,2);
INSERT INTO "sgf"."tb_grupopermissao" (codpermissao,codgrupo) VALUES (10,2);
INSERT INTO "sgf"."tb_grupopermissao" (codpermissao,codgrupo) VALUES (11,2);
INSERT INTO "sgf"."tb_grupopermissao" (codpermissao,codgrupo) VALUES (14,2);
INSERT INTO "sgf"."tb_grupopermissao" (codpermissao,codgrupo) VALUES (15,2);
INSERT INTO "sgf"."tb_grupopermissao" (codpermissao,codgrupo) VALUES (16,2);
INSERT INTO "sgf"."tb_grupopermissao" (codpermissao,codgrupo) VALUES (17,2);
INSERT INTO "sgf"."tb_grupopermissao" (codpermissao,codgrupo) VALUES (18,2);
INSERT INTO "sgf"."tb_grupopermissao" (codpermissao,codgrupo) VALUES (19,2);
INSERT INTO "sgf"."tb_grupopermissao" (codpermissao,codgrupo) VALUES (20,2);
INSERT INTO "sgf"."tb_grupopermissao" (codpermissao,codgrupo) VALUES (26,2);
INSERT INTO "sgf"."tb_grupopermissao" (codpermissao,codgrupo) VALUES (22,2);
INSERT INTO "sgf"."tb_grupopermissao" (codpermissao,codgrupo) VALUES (28,2);
INSERT INTO "sgf"."tb_grupopermissao" (codpermissao,codgrupo) VALUES (29,2);
INSERT INTO "sgf"."tb_grupopermissao" (codpermissao,codgrupo) VALUES (3,4);
INSERT INTO "sgf"."tb_grupopermissao" (codpermissao,codgrupo) VALUES (29,4);
INSERT INTO "sgf"."tb_grupopermissao" (codpermissao,codgrupo) VALUES (2,5);
INSERT INTO "sgf"."tb_grupopermissao" (codpermissao,codgrupo) VALUES (1,5);
INSERT INTO "sgf"."tb_grupopermissao" (codpermissao,codgrupo) VALUES (5,5);
INSERT INTO "sgf"."tb_grupopermissao" (codpermissao,codgrupo) VALUES (23,5);
INSERT INTO "sgf"."tb_grupopermissao" (codpermissao,codgrupo) VALUES (25,5);
INSERT INTO "sgf"."tb_grupopermissao" (codpermissao,codgrupo) VALUES (29,5);
INSERT INTO "sgf"."tb_grupopermissao" (codpermissao,codgrupo) VALUES (2,3);
INSERT INTO "sgf"."tb_grupopermissao" (codpermissao,codgrupo) VALUES (3,3);
INSERT INTO "sgf"."tb_grupopermissao" (codpermissao,codgrupo) VALUES (27,3);
INSERT INTO "sgf"."tb_grupopermissao" (codpermissao,codgrupo) VALUES (28,3);
INSERT INTO "sgf"."tb_grupopermissao" (codpermissao,codgrupo) VALUES (4,3);
INSERT INTO "sgf"."tb_grupopermissao" (codpermissao,codgrupo) VALUES (5,3);
INSERT INTO "sgf"."tb_grupopermissao" (codpermissao,codgrupo) VALUES (6,3);
INSERT INTO "sgf"."tb_grupopermissao" (codpermissao,codgrupo) VALUES (7,3);
INSERT INTO "sgf"."tb_grupopermissao" (codpermissao,codgrupo) VALUES (10,3);
INSERT INTO "sgf"."tb_grupopermissao" (codpermissao,codgrupo) VALUES (11,3);
INSERT INTO "sgf"."tb_grupopermissao" (codpermissao,codgrupo) VALUES (12,3);
INSERT INTO "sgf"."tb_grupopermissao" (codpermissao,codgrupo) VALUES (13,3);
INSERT INTO "sgf"."tb_grupopermissao" (codpermissao,codgrupo) VALUES (14,3);
INSERT INTO "sgf"."tb_grupopermissao" (codpermissao,codgrupo) VALUES (17,3);
INSERT INTO "sgf"."tb_grupopermissao" (codpermissao,codgrupo) VALUES (20,3);
INSERT INTO "sgf"."tb_grupopermissao" (codpermissao,codgrupo) VALUES (22,3);
INSERT INTO "sgf"."tb_grupopermissao" (codpermissao,codgrupo) VALUES (23,3);
INSERT INTO "sgf"."tb_grupopermissao" (codpermissao,codgrupo) VALUES (29,3);
INSERT INTO "sgf"."tb_grupopermissao" (codpermissao,codgrupo) VALUES (8,3);

INSERT INTO "sgf"."tb_infracao" (codinfracao,pontos,infracao,gravidade,valor, peso) VALUES (49,5,'TRANSPOR BLOQUEIO VIARIO','Grave',127.69,1);
INSERT INTO "sgf"."tb_infracao" (codinfracao,pontos,infracao,gravidade,valor, peso) VALUES (50,5,'NAO ADENTRAR AREA DESTINADA PESAGEM DE VEICULO','Grave',127.69,1);
INSERT INTO "sgf"."tb_infracao" (codinfracao,pontos,infracao,gravidade,valor, peso) VALUES (51,5,'EVADIR-SE SEM PAGAR PEDAGIO','Grave',127.69,1);
INSERT INTO "sgf"."tb_infracao" (codinfracao,pontos,infracao,gravidade,valor, peso) VALUES (52,7,'TRANSPOR,S/AUTORIZAÇAO,BLOQUEIO VIARIO POLICIAL','Gravíssima',191.54,1);
INSERT INTO "sgf"."tb_infracao" (codinfracao,pontos,infracao,gravidade,valor, peso) VALUES (53,5,'ULTRAPASSAR VEICULOS PARADOS EM SEMAFORO/CANCELA/BLOQUEIO','Grave',127.69,1);
INSERT INTO "sgf"."tb_infracao" (codinfracao,pontos,infracao,gravidade,valor, peso) VALUES (54,7,'NAO PARAR ANTES DE TRANSPOR LINHA FERREA','Gravíssima',191.54,1);
INSERT INTO "sgf"."tb_infracao" (codinfracao,pontos,infracao,gravidade,valor, peso) VALUES (55,7,'NAO PARAR QUANDO INTERCEPTADO POR AGRUPAMENTOS DE PESSOAS','Gravíssima',191.54,1);
INSERT INTO "sgf"."tb_infracao" (codinfracao,pontos,infracao,gravidade,valor, peso) VALUES (56,7,'DIRIGIR  VEICULO S/ POSSUIR CNH OU PERMISSAO PARA DIRIGIR','Gravíssima',574.62,1);
INSERT INTO "sgf"."tb_infracao" (codinfracao,pontos,infracao,gravidade,valor, peso) VALUES (57,5,'NAO PARA QUANDO INTERCEPTADO POR AGRUPAMENTOS DE VEICULOS','Grave',127.69,1);
INSERT INTO "sgf"."tb_infracao" (codinfracao,pontos,infracao,gravidade,valor, peso) VALUES (58,7,'DEIXAR DE DAR PREFERENCIA EM FAIXA DESTINADA A PEDESTRE','Gravíssima',191.54,1);
INSERT INTO "sgf"."tb_infracao" (codinfracao,pontos,infracao,gravidade,valor, peso) VALUES (59,7,'NAO DAR PREFERENCIA A PEDESTRE NA FAIXA DESTINADA','Gravíssima',191.54,1);
INSERT INTO "sgf"."tb_infracao" (codinfracao,pontos,infracao,gravidade,valor, peso) VALUES (60,7,'NAO DAR PREFERENCIA A VEICULO NAO MOTORIZADO NA FAIXA DESTINADA','Gravíssima',191.54,1);
INSERT INTO "sgf"."tb_infracao" (codinfracao,pontos,infracao,gravidade,valor, peso) VALUES (61,7,'DEIXAR DE DAR PREFERENCIA A PEDESTRE QUE NAO CONCLUIU A TRAVESSIA','Gravíssima',191.54,1);
INSERT INTO "sgf"."tb_infracao" (codinfracao,pontos,infracao,gravidade,valor, peso) VALUES (62,7,'NAO DAR PREFERENCIA A PEDESTRE QUE NAO CONCLUIU A TRAVESSIA','Gravíssima',191.54,1);
INSERT INTO "sgf"."tb_infracao" (codinfracao,pontos,infracao,gravidade,valor, peso) VALUES (63,7,'NAO DAR PRFERENCIA A VEICULO NAO MOTORIZADO QUE NAO CONCLUIU A TRAVESSIA','Gravíssima',191.54,1);
INSERT INTO "sgf"."tb_infracao" (codinfracao,pontos,infracao,gravidade,valor, peso) VALUES (64,7,'DEIXAR DE DAR PREFERENCIA A PEDESTRE PORTADOR DE DEFICIENCIA FISICA','Gravíssima',191.54,1);
INSERT INTO "sgf"."tb_infracao" (codinfracao,pontos,infracao,gravidade,valor, peso) VALUES (65,7,'DIRIGIR VEICULO C/ CNH  OU PERMISSAO P/ DIRIGIR CASSADA','Gravíssima',957.70,1);
INSERT INTO "sgf"."tb_infracao" (codinfracao,pontos,infracao,gravidade,valor, peso) VALUES (66,7,'NAO DAR PREFERENCIA A DEFICIENTE/CRIANÇA/IDOSO/GESTANTE','Gravíssima',191.54,1);
INSERT INTO "sgf"."tb_infracao" (codinfracao,pontos,infracao,gravidade,valor, peso) VALUES (67,7,'NAO DAR PREFERENCIA A VEICULO NAO MOTORIZADO C/DEFICIENTE/CRIANÇA/IDOSO/GESTANTE','Gravíssima',191.54,1);
INSERT INTO "sgf"."tb_infracao" (codinfracao,pontos,infracao,gravidade,valor, peso) VALUES (68,5,'DEIXAR DE DAR PREFERENCIA A PEDESTRE INICIOU A TRAVESSIA','Grave',127.69,1);
INSERT INTO "sgf"."tb_infracao" (codinfracao,pontos,infracao,gravidade,valor, peso) VALUES (69,5,'NAO DAR PREFERENCIA A PEDESTRE QUANDO INICIADA TRAVESSIA','Grave',127.69,1);
INSERT INTO "sgf"."tb_infracao" (codinfracao,pontos,infracao,gravidade,valor, peso) VALUES (70,5,'NAO DAR PREFERENCIA A VEICULO NAO MOTORIZADO QUANDO INICIADA TRAVESSIA','Grave',127.69,1);
INSERT INTO "sgf"."tb_infracao" (codinfracao,pontos,infracao,gravidade,valor, peso) VALUES (71,7,'DIRIGIR VEIC C/ CNH 0U PERMISSAO P/ DIRIGIR CATEG DIFERENTE ','Gravíssima',574.62,1);
INSERT INTO "sgf"."tb_infracao" (codinfracao,pontos,infracao,gravidade,valor, peso) VALUES (72,7,'DIRIGIR VEIC C/ VALIDADE DE CNH VENCIDA HA MAIS DE 30 DIAS','Gravíssima',191.54,1);
INSERT INTO "sgf"."tb_infracao" (codinfracao,pontos,infracao,gravidade,valor, peso) VALUES (73,7,'DIRIGIR S/ USAR LENTES, APAR ETC IMPOSTAS PELA LICENCAS','Gravíssima',191.54,1);
INSERT INTO "sgf"."tb_infracao" (codinfracao,pontos,infracao,gravidade,valor, peso) VALUES (74,7,'ENTREGAR DIREC VEIC PESSOA S/ CNH /PERMISSAO P/ DIRIGIR','Gravíssima',574.62,1);
INSERT INTO "sgf"."tb_infracao" (codinfracao,pontos,infracao,gravidade,valor, peso) VALUES (75,7,'ENTREGAR DIREC VEICULO PESSOA C/ CNH /PERMISSAO CASSADA','Gravíssima',957.70,1);
INSERT INTO "sgf"."tb_infracao" (codinfracao,pontos,infracao,gravidade,valor, peso) VALUES (76,5,'DEIXAR DE DAR PREFERENCIA  A PEDESTRE ATRAVESSANDO A VIA','Grave',127.69,1);
INSERT INTO "sgf"."tb_infracao" (codinfracao,pontos,infracao,gravidade,valor, peso) VALUES (77,5,'NAO DAR PREFERENCIA A PEDESTRE ATRAVESSANDO A TRANSVERSAL','Grave',127.69,1);
INSERT INTO "sgf"."tb_infracao" (codinfracao,pontos,infracao,gravidade,valor, peso) VALUES (78,5,'NAO DAR PREFERENCIA A VEICULO NAO MOTORIZADO ATRAVESSANDO A TRANSVERSAL','Grave',127.69,1);
INSERT INTO "sgf"."tb_infracao" (codinfracao,pontos,infracao,gravidade,valor, peso) VALUES (79,5,'DEIXAR DE DAR PREFERENCIA EM INTERSEÇAO NAO SINALIZADA A VEICULO CIRCULAR','Grave',127.69,1);
INSERT INTO "sgf"."tb_infracao" (codinfracao,pontos,infracao,gravidade,valor, peso) VALUES (80,5,'NAO DAR PREFERENCIA A VEICULO CIRCULAR POR RODOVIA/ROTATORIA','Grave',127.69,1);
INSERT INTO "sgf"."tb_infracao" (codinfracao,pontos,infracao,gravidade,valor, peso) VALUES (81,5,'NAO DAR PREFERENCIA A VEICULO VINDO DA DIREITA','Grave',127.69,1);
INSERT INTO "sgf"."tb_infracao" (codinfracao,pontos,infracao,gravidade,valor, peso) VALUES (82,5,'NAO DAR PREFERENCIA SINALIZADA DE PREFERENCIA','Grave',127.69,1);
INSERT INTO "sgf"."tb_infracao" (codinfracao,pontos,infracao,gravidade,valor, peso) VALUES (83,7,'ENTREGAR DIREC VEIC PESSOA CNH/PERMISSAO VENCIDA  + 30 dias','Gravíssima',191.54,1);
INSERT INTO "sgf"."tb_infracao" (codinfracao,pontos,infracao,gravidade,valor, peso) VALUES (84,4,'ENTRAR/SAIR DE AREAS LINDEIRAS S/PREOCUPAÇAO C/A SEGURANÇA','Média',85.13,1);
INSERT INTO "sgf"."tb_infracao" (codinfracao,pontos,infracao,gravidade,valor, peso) VALUES (85,4,'ENTRAR/SAIR FILA ESTAC S/DAR PREFERENCIA DE PASSAGEM','Média',85.13,1);
INSERT INTO "sgf"."tb_infracao" (codinfracao,pontos,infracao,gravidade,valor, peso) VALUES (86,5,'TRANS VELOCIDADE SUPERIOR A MAXIMA PERMITIDA P/RODOVIA TRAN RAP/ARTERIAL ATE 20%','Grave',127.69,1);
INSERT INTO "sgf"."tb_infracao" (codinfracao,pontos,infracao,gravidade,valor, peso) VALUES (87,7,'TRANS VELOCIDADE SUPERIOR A MAXIMA PERMITIDA P/RODOVIA TRAN RAP/ARTERIAL MAIS 20%','Gravíssima',574.62,1);
INSERT INTO "sgf"."tb_infracao" (codinfracao,pontos,infracao,gravidade,valor, peso) VALUES (88,7,'PERMITIR TOME POSSE VEIC PESSOA S/ CNH PERMISSAO P/DIRIGIR','Gravíssima',574.62,1);
INSERT INTO "sgf"."tb_infracao" (codinfracao,pontos,infracao,gravidade,valor, peso) VALUES (89,5,'TRANS VELOC SUPERIOR A MAXIMA PERMITIDA P/VIA EM ATE 50%','Grave',127.69,1);
INSERT INTO "sgf"."tb_infracao" (codinfracao,pontos,infracao,gravidade,valor, peso) VALUES (90,7,'TRANS VELOCIDADE SUPERIOR A MAXIMA PERMITIDA P/VIA EM MAIS DE 50%','Gravíssima',574.62,1);
INSERT INTO "sgf"."tb_infracao" (codinfracao,pontos,infracao,gravidade,valor, peso) VALUES (91,4,'TRANSITAR COM VELOCIDADE INFERIOR A METADE DA MAXIMA PERMITIDA A VIA','Média',85.13,1);
INSERT INTO "sgf"."tb_infracao" (codinfracao,pontos,infracao,gravidade,valor, peso) VALUES (92,7,'PERMITIR TOME POSSE VEIC  PESSOA  C/CNH /PERMISSAO CASSADA','Gravíssima',957.70,1);
INSERT INTO "sgf"."tb_infracao" (codinfracao,pontos,infracao,gravidade,valor, peso) VALUES (93,7,'VELOCIDADE INCOMPATIVEL PROX PASSEATAS,DESFILES ETCS','Gravíssima',191.54,1);
INSERT INTO "sgf"."tb_infracao" (codinfracao,pontos,infracao,gravidade,valor, peso) VALUES (94,5,'VELOCIDADE INCOMPATIVEL EM LOCAL CONTROLADO POR AGENTE','Grave',127.69,1);
INSERT INTO "sgf"."tb_infracao" (codinfracao,pontos,infracao,gravidade,valor, peso) VALUES (95,5,'VELOCIDADE INCOMPATIVEL PROX DA GUIA OU ACOSTAMENTO','Grave',127.69,1);
INSERT INTO "sgf"."tb_infracao" (codinfracao,pontos,infracao,gravidade,valor, peso) VALUES (96,5,'VELOCIDADE INCOMPATIVELEM INTERSEÇAO NAO SINALIZADA','Grave',127.69,1);
INSERT INTO "sgf"."tb_infracao" (codinfracao,pontos,infracao,gravidade,valor, peso) VALUES (97,5,'VELOCIDADE INCOMPATIVEL NAS VIAS RURAIS','Grave',127.69,1);
INSERT INTO "sgf"."tb_infracao" (codinfracao,pontos,infracao,gravidade,valor, peso) VALUES (98,5,'VELOCIDADE INCOMPATIVEL EM CURVAS DE PEQUENO RAIO','Grave',127.69,1);
INSERT INTO "sgf"."tb_infracao" (codinfracao,pontos,infracao,gravidade,valor, peso) VALUES (99,5,'VELOCIDADE INCOMPATIVEL PROX OBRA/TRABALHADOR NA PISTA','Grave',127.69,1);
INSERT INTO "sgf"."tb_infracao" (codinfracao,pontos,infracao,gravidade,valor, peso) VALUES (100,5,'VELOCIDADE INCOMPATIVEL SOB CHUVA/NEBLINA/VENTO FORTE','Grave',127.69,1);
INSERT INTO "sgf"."tb_infracao" (codinfracao,pontos,infracao,gravidade,valor, peso) VALUES (101,7,'PERMITIR TOME POSSE VEIC PESSOA  CNH/ PERMISSAO CAT DIFERNTE','Gravíssima',574.62,1);
INSERT INTO "sgf"."tb_infracao" (codinfracao,pontos,infracao,gravidade,valor, peso) VALUES (102,5,'VELOCIDADE INCOMPATIVEL QUANDO HOUVER MA VISIBILIDADE','Grave',127.69,1);
INSERT INTO "sgf"."tb_infracao" (codinfracao,pontos,infracao,gravidade,valor, peso) VALUES (103,5,'VELOCIDADE INCOMPATIVEL QUANDO PAV ESCORREGADIO/DEFEITUOSO','Grave',127.69,1);
INSERT INTO "sgf"."tb_infracao" (codinfracao,pontos,infracao,gravidade,valor, peso) VALUES (104,5,'VELOCIDADE INCOMPATIVEL A APROXIMAÇAO DE ANIMAIS NA PISTA','Grave',127.69,1);
INSERT INTO "sgf"."tb_infracao" (codinfracao,pontos,infracao,gravidade,valor, peso) VALUES (105,7,'PERMITIR TOME POSSE VEIC PESSOA  CNH/PERMISSAO VENC + 30 DIAS','Gravíssima',191.54,1);
INSERT INTO "sgf"."tb_infracao" (codinfracao,pontos,infracao,gravidade,valor, peso) VALUES (106,5,'VELOCIDADE INCOMPATIVEL EM DECLIVE','Grave',127.69,1);
INSERT INTO "sgf"."tb_infracao" (codinfracao,pontos,infracao,gravidade,valor, peso) VALUES (107,5,'VELOCIDADE INCOMPATIVEL AO ULTRAPASSAR CICLISTA','Grave',127.69,1);
INSERT INTO "sgf"."tb_infracao" (codinfracao,pontos,infracao,gravidade,valor, peso) VALUES (108,7,'DEIXAR DE REDUZIR VELOCIDADE PROXIMO A ESCOLAS,ETC','Gravíssima',191.54,1);
INSERT INTO "sgf"."tb_infracao" (codinfracao,pontos,infracao,gravidade,valor, peso) VALUES (109,7,'VELOCIDADE INCOMPATIVEL PROXIMO A ESCOLAS','Gravíssima',191.54,1);
INSERT INTO "sgf"."tb_infracao" (codinfracao,pontos,infracao,gravidade,valor, peso) VALUES (110,7,'VELOCIDADE INCOMPATIVEL PROXIMO A HOSPITAIS','Gravíssima',191.54,1);
INSERT INTO "sgf"."tb_infracao" (codinfracao,pontos,infracao,gravidade,valor, peso) VALUES (111,7,'VELOCIDADE INCOMPATIVEL PROXIMO A ESTAÇAO EMB/DESEMB PASSAGEIROS','Gravíssima',191.54,1);
INSERT INTO "sgf"."tb_infracao" (codinfracao,pontos,infracao,gravidade,valor, peso) VALUES (112,7,'PERMITIR TOME POSSE VEIC PESSOA   S/LENTES, ETC IMPOSTA S LICENCA ','Gravíssima',191.54,1);
INSERT INTO "sgf"."tb_infracao" (codinfracao,pontos,infracao,gravidade,valor, peso) VALUES (113,7,'VELOCIDADE INCOMPATIVEL A INTENSA MOVIMENTAÇAO DE PEDESTRE','Gravíssima',191.54,1);
INSERT INTO "sgf"."tb_infracao" (codinfracao,pontos,infracao,gravidade,valor, peso) VALUES (114,4,'PORTAR NO VEICULO PLACAS EM DESACORDO C/MODELOS CONTRAN','Média',85.13,1);
INSERT INTO "sgf"."tb_infracao" (codinfracao,pontos,infracao,gravidade,valor, peso) VALUES (115,4,'CONFECCIONAR,DISTRIBUIR PLACAS EM DESACORDO C/CONTRAN','Média',85.13,1);
INSERT INTO "sgf"."tb_infracao" (codinfracao,pontos,infracao,gravidade,valor, peso) VALUES (116,7,'DIRIGIR SOB INFLUENCIA  ALCOOL NIVEL SUP. OU INTORPECENTE ','Gravíssima',957.70,1);
INSERT INTO "sgf"."tb_infracao" (codinfracao,pontos,infracao,gravidade,valor, peso) VALUES (117,4,'DEIXAR MANTER LIGADO EM SITUAÇOES DE EMERGENCIA A ILUMINAÇAO','Média',85.13,1);
INSERT INTO "sgf"."tb_infracao" (codinfracao,pontos,infracao,gravidade,valor, peso) VALUES (118,7,'ENTREGAR VEIC A PESSOA  NAO ESTIVER  CONDICOES DE DIRIGIR  ','Gravíssima',191.54,1);
INSERT INTO "sgf"."tb_infracao" (codinfracao,pontos,infracao,gravidade,valor, peso) VALUES (119,5,'DEIXAR O CONDUTOR /PASSAGEIRO DE USAR O CINTO DE SEGURANCA','Grave',127.69,1);
INSERT INTO "sgf"."tb_infracao" (codinfracao,pontos,infracao,gravidade,valor, peso) VALUES (120,7,'transportar criancas em veic s/ obsevar normas','Gravíssima',191.54,1);
INSERT INTO "sgf"."tb_infracao" (codinfracao,pontos,infracao,gravidade,valor, peso) VALUES (121,5,'TRANSITAR COM LUZ ALTA PERTUBANDO VISAO DE CONDUTOR','Grave',127.69,1);
INSERT INTO "sgf"."tb_infracao" (codinfracao,pontos,infracao,gravidade,valor, peso) VALUES (122,3,'FAZER USO DE LUZ ALTA EM VIAS PROVIDAS DE ILUMINAÇAO PUBLICA','Leve',53.20,1);
INSERT INTO "sgf"."tb_infracao" (codinfracao,pontos,infracao,gravidade,valor, peso) VALUES (123,3,'DIRIGIR SEM OS CUIDADOS INDISPENSAVEIS A SEGURANCA','Leve',53.20,1);
INSERT INTO "sgf"."tb_infracao" (codinfracao,pontos,infracao,gravidade,valor, peso) VALUES (124,5,'NAO SINALIZAR VIA VEIC P/REMOÇAO OU PERM NO ACOSTAMENTO','Grave',127.69,1);
INSERT INTO "sgf"."tb_infracao" (codinfracao,pontos,infracao,gravidade,valor, peso) VALUES (125,4,'NAO RETIRAR OBJETO PARA SINALIZAÇAO TEMPORARIA DA VIA','Média',85.13,1);
INSERT INTO "sgf"."tb_infracao" (codinfracao,pontos,infracao,gravidade,valor, peso) VALUES (126,3,'USAR BUZINA PROLONGADA/SUCESSIVAMENTE A QUALQUER PRETEXTO','Leve',53.20,1);
INSERT INTO "sgf"."tb_infracao" (codinfracao,pontos,infracao,gravidade,valor, peso) VALUES (127,3,'USAR BUZINA NAO COMO ADVERTENCIA A PEDESTRES/CONDUTORES','Leve',53.20,1);
INSERT INTO "sgf"."tb_infracao" (codinfracao,pontos,infracao,gravidade,valor, peso) VALUES (128,3,'USAR BUZINA ENTRE AS 22H E 6H','Leve',53.20,1);
INSERT INTO "sgf"."tb_infracao" (codinfracao,pontos,infracao,gravidade,valor, peso) VALUES (129,3,'USAR BUZINA EM LOCAL/HORA PROIBIDOS PELA SINALIZAÇAO','Leve',53.20,1);
INSERT INTO "sgf"."tb_infracao" (codinfracao,pontos,infracao,gravidade,valor, peso) VALUES (130,3,'USAR BUZINA EM DES C/PADROES ESTABELECIDOS PELO COTRAN','Leve',53.20,1);
INSERT INTO "sgf"."tb_infracao" (codinfracao,pontos,infracao,gravidade,valor, peso) VALUES (131,5,'USAR NO VEIC SOM EM VOLUME E FREQUENCIA NAO AUTORIZADA','Grave',127.69,1);
INSERT INTO "sgf"."tb_infracao" (codinfracao,pontos,infracao,gravidade,valor, peso) VALUES (132,4,'USAR INDEV NO VEIC APARELHO PERTUBE SOSSEGO PUBLICO','Média',85.13,1);
INSERT INTO "sgf"."tb_infracao" (codinfracao,pontos,infracao,gravidade,valor, peso) VALUES (133,7,'CONDUZIR O VEICULO C/ O LACRE,ETC OU OUTRO ELEM VIOLADO','Gravíssima',191.54,1);
INSERT INTO "sgf"."tb_infracao" (codinfracao,pontos,infracao,gravidade,valor, peso) VALUES (134,7,'CONDUZIR O VEIC TRANSP PASSAGEIROS COMPART DE CARGA','Gravíssima',191.54,1);
INSERT INTO "sgf"."tb_infracao" (codinfracao,pontos,infracao,gravidade,valor, peso) VALUES (135,7,'TRANSPORTAR CRIANCAS EM VEIC S/ OBSERVAR NORMAS','Gravíssima',191.54,1);
INSERT INTO "sgf"."tb_infracao" (codinfracao,pontos,infracao,gravidade,valor, peso) VALUES (136,7,'CONDUZIR O VEIC COM DISPOSITIVO ANTI-RADAR','Gravíssima',191.54,1);
INSERT INTO "sgf"."tb_infracao" (codinfracao,pontos,infracao,gravidade,valor, peso) VALUES (137,7,'CONDUZIR VEICULO SEM QUALQUER UMA DAS PLACAS DE IDENTIFICAÇAO','Gravíssima',191.54,1);
INSERT INTO "sgf"."tb_infracao" (codinfracao,pontos,infracao,gravidade,valor, peso) VALUES (138,7,'CONDUZIR O VEICULO NAO REGISTRADO E DEVIDAMENTE LICENCIADO','Gravíssima',191.54,1);
INSERT INTO "sgf"."tb_infracao" (codinfracao,pontos,infracao,gravidade,valor, peso) VALUES (139,7,'CONDUZIR VEICULO C/QUALQUER UMA PLACA S/CONDIÇOES DE LEGIBILIDADE','Gravíssima',191.54,1);
INSERT INTO "sgf"."tb_infracao" (codinfracao,pontos,infracao,gravidade,valor, peso) VALUES (140,5,'CONDUZIR VEICULO COM A COR OU CARACTERISTICA ALTERADA','Grave',127.69,1);
INSERT INTO "sgf"."tb_infracao" (codinfracao,pontos,infracao,gravidade,valor, peso) VALUES (141,5,'CONDUZIR O VEICULO SEM INSPEÇAO DE SEGURANÇA VEICULAR','Grave',127.69,1);
INSERT INTO "sgf"."tb_infracao" (codinfracao,pontos,infracao,gravidade,valor, peso) VALUES (142,5,'CONDUZIR O VEICULO S/EQUIPAMENTO OBRIGATORIO OU INEFICIENTE','Grave',127.69,1);
INSERT INTO "sgf"."tb_infracao" (codinfracao,pontos,infracao,gravidade,valor, peso) VALUES (143,5,'CONDUZIR O VEICULO C/EQUIPAMENTO OBRIGATORIO EM DESACORDO','Grave',127.69,1);
INSERT INTO "sgf"."tb_infracao" (codinfracao,pontos,infracao,gravidade,valor, peso) VALUES (144,5,'DEIXAR O CONDUTOR/PASSAGEIRO DE USAR O CINTO DE SEGURANCA ','Grave',127.69,1);
INSERT INTO "sgf"."tb_infracao" (codinfracao,pontos,infracao,gravidade,valor, peso) VALUES (145,7,'DIRIGIR AMEACANDO PEDESTRES ESTEJAM NA VIA PUBLICA','Gravíssima',191.54,1);
INSERT INTO "sgf"."tb_infracao" (codinfracao,pontos,infracao,gravidade,valor, peso) VALUES (146,5,'CONDUZIR O VEIC C/DESCARGA LIVRE OU SILENCIADOR C/DEFEITO','Grave',127.69,1);
INSERT INTO "sgf"."tb_infracao" (codinfracao,pontos,infracao,gravidade,valor, peso) VALUES (147,4,'USAR VEIC PARA ARREMESSAR SOBRE PEDESTRES AGUA, ETC','Média',85.13,1);
INSERT INTO "sgf"."tb_infracao" (codinfracao,pontos,infracao,gravidade,valor, peso) VALUES (148,5,'CONDUZIR O VEICULO C/EQUIPAMENTO OU ACESSORIO PROIBIDO','Grave',127.69,1);
INSERT INTO "sgf"."tb_infracao" (codinfracao,pontos,infracao,gravidade,valor, peso) VALUES (149,4,'ATIRAR OU ABANDONAR NA VIA OBJETOS OU SUBSTANCIAS ','Média',85.13,1);
INSERT INTO "sgf"."tb_infracao" (codinfracao,pontos,infracao,gravidade,valor, peso) VALUES (150,5,'CONDUZIR O VEIC C/EQUIPAMENTO ILUMINAÇAO E SINALIZAÇAO ALTERADO','Grave',127.69,1);
INSERT INTO "sgf"."tb_infracao" (codinfracao,pontos,infracao,gravidade,valor, peso) VALUES (151,5,'CONDUZIR O VEICULO C/REGISTRADOR INALTERADO VELOCIDADE','Grave',127.69,1);
INSERT INTO "sgf"."tb_infracao" (codinfracao,pontos,infracao,gravidade,valor, peso) VALUES (152,5,'CONDUZIR O VEIC C/INSCRIÇOES,ETC AFIXADOS NO PARA-BRISA','Grave',127.69,1);
INSERT INTO "sgf"."tb_infracao" (codinfracao,pontos,infracao,gravidade,valor, peso) VALUES (153,7,'DISPUTAR CORRIDA POR ESPIRITO DE EMULACAO','Gravíssima',574.62,1);
INSERT INTO "sgf"."tb_infracao" (codinfracao,pontos,infracao,gravidade,valor, peso) VALUES (154,5,'CONDUZIR O VEICULO C/VIDROS COBERTOS POR PINTURAS,PAINEIS','Grave',127.69,1);
INSERT INTO "sgf"."tb_infracao" (codinfracao,pontos,infracao,gravidade,valor, peso) VALUES (155,5,'CONDUZIR O VEIC C/CORTINAS OU PERSIANAS FECHADAS','Grave',127.69,1);
INSERT INTO "sgf"."tb_infracao" (codinfracao,pontos,infracao,gravidade,valor, peso) VALUES (156,5,'CONDUZIR O VEIC EM MAU ESTADO DE CONSERVAÇAO','Grave',127.69,1);
INSERT INTO "sgf"."tb_infracao" (codinfracao,pontos,infracao,gravidade,valor, peso) VALUES (157,5,'CONDUZIR O VEIC S/ADICIONAR LIMPADOR SOB A CHUVA','Leve',127.69,1);
INSERT INTO "sgf"."tb_infracao" (codinfracao,pontos,infracao,gravidade,valor, peso) VALUES (158,5,'CONDUZIR O VEIC S/ AUTORIZAÇAO P/CONDUÇAO DE ESCOLARES','Grave',127.69,1);
INSERT INTO "sgf"."tb_infracao" (codinfracao,pontos,infracao,gravidade,valor, peso) VALUES (159,4,'CONDUZIR O VEICULO DE CARGA C/FALTA DE INSCRIÇAO DA TARA','Média',85.13,1);
INSERT INTO "sgf"."tb_infracao" (codinfracao,pontos,infracao,gravidade,valor, peso) VALUES (160,4,'CONDUZIR O VEIC C/DEFEITO NO SISTEMA DE ILUMINAÇAO,ETC','Média',85.13,1);
INSERT INTO "sgf"."tb_infracao" (codinfracao,pontos,infracao,gravidade,valor, peso) VALUES (161,7,'TRANSITAR DANIFICANDO A VIA,INSTALAÇOES,E EQUIPAMENTOS','Gravíssima',191.54,1);
INSERT INTO "sgf"."tb_infracao" (codinfracao,pontos,infracao,gravidade,valor, peso) VALUES (162,7,'PROMOVER NA VIA C0MPETICAO, EVENTOS, ETC S/ PERMISSAO','Gravíssima',957.70,1);
INSERT INTO "sgf"."tb_infracao" (codinfracao,pontos,infracao,gravidade,valor, peso) VALUES (163,7,'TRANS DERRAMANDO/LANÇANDO/ARRASTANDO CARGA TRANSPORTADA','Gravíssima',191.54,1);
INSERT INTO "sgf"."tb_infracao" (codinfracao,pontos,infracao,gravidade,valor, peso) VALUES (164,7,'TRANS DERRAMANDO/LANÇANDO/ARRASTANDO COMBUSTIVEL','Gravíssima',191.54,1);
INSERT INTO "sgf"."tb_infracao" (codinfracao,pontos,infracao,gravidade,valor, peso) VALUES (165,7,'TRANS DERRAMANDO/LANÇANDO/ARRASTANDO QUALQUER OBJETO','Gravíssima',191.54,1);
INSERT INTO "sgf"."tb_infracao" (codinfracao,pontos,infracao,gravidade,valor, peso) VALUES (166,7,'PARTICIPAR NA VIA COMO CONDUTOR DE COMPETICAO, EVENTOS ','Gravíssima',191.54,1);
INSERT INTO "sgf"."tb_infracao" (codinfracao,pontos,infracao,gravidade,valor, peso) VALUES (167,5,'TRANSITAR PROD FUMAÇA ACIMA DO PERMITIDO PELO CONTRAN','Grave',127.69,1);
INSERT INTO "sgf"."tb_infracao" (codinfracao,pontos,infracao,gravidade,valor, peso) VALUES (168,5,'TRANSITAR C/VEICULOS C/DIMENSOES OU CARGA SUP A LEGISLAÇAO','Grave',127.69,1);
INSERT INTO "sgf"."tb_infracao" (codinfracao,pontos,infracao,gravidade,valor, peso) VALUES (169,5,'TRANS C/VEIC C/ALTURA ACIMA DA PERMITIDA','Grave',127.69,1);
INSERT INTO "sgf"."tb_infracao" (codinfracao,pontos,infracao,gravidade,valor, peso) VALUES (170,5,'TRANSITAR C/VEICULO C/LARGURA SUPERIOR A PERMITIDA','Grave',127.69,1);
INSERT INTO "sgf"."tb_infracao" (codinfracao,pontos,infracao,gravidade,valor, peso) VALUES (171,7,'UTILIZAR-SE DE VEIC P/ DEMONSTRAR MANOBRA PERIGOSA','Gravíssima',191.54,1);
INSERT INTO "sgf"."tb_infracao" (codinfracao,pontos,infracao,gravidade,valor, peso) VALUES (172,5,'TRANSITAR C/VEICULO DE COMPRIMENTO ACIMA DO PERMITIDO','Grave',127.69,1);
INSERT INTO "sgf"."tb_infracao" (codinfracao,pontos,infracao,gravidade,valor, peso) VALUES (173,4,'TRANSITAR COM O VEICULO COM EXCESSO DE PESO','Média',85.13,1);
INSERT INTO "sgf"."tb_infracao" (codinfracao,pontos,infracao,gravidade,valor, peso) VALUES (174,7,'EM ACIDENTE, NAO PRESTAR SOCORRO A VITIMA  ','Gravíssima',957.70,1);
INSERT INTO "sgf"."tb_infracao" (codinfracao,pontos,infracao,gravidade,valor, peso) VALUES (175,4,'TRANSITAR COM O VEICULO COM EXCESSO DE PESO ATE 600 KG','Média',85.13,1);
INSERT INTO "sgf"."tb_infracao" (codinfracao,pontos,infracao,gravidade,valor, peso) VALUES (176,4,'TRANSITAR COM O VEICULO COM EXCESSO DE PESO DE 601 A 800 KG','Média',85.13,1);
INSERT INTO "sgf"."tb_infracao" (codinfracao,pontos,infracao,gravidade,valor, peso) VALUES (177,4,'TRANSITAR COM O VEICULO COM EXCESSO DE PESO DE 801 A 1000 KG','Média',85.13,1);
INSERT INTO "sgf"."tb_infracao" (codinfracao,pontos,infracao,gravidade,valor, peso) VALUES (178,7,'EM ACIDENTE, NAO ADOTAR PROVIDNECIAS  P/ EVITAR PERIGO ','Gravíssima',957.70,1);
INSERT INTO "sgf"."tb_infracao" (codinfracao,pontos,infracao,gravidade,valor, peso) VALUES (179,4,'TRANSITAR COM O VEICULO COM EXCESSO DE PESO DE 1001 A 3000 KG','Média',85.13,1);
INSERT INTO "sgf"."tb_infracao" (codinfracao,pontos,infracao,gravidade,valor, peso) VALUES (180,4,'TRANSITAR COM O VEICULO COM EXCESSO DE PESO DE 3001 A 5000 KG','Média',85.13,1);
INSERT INTO "sgf"."tb_infracao" (codinfracao,pontos,infracao,gravidade,valor, peso) VALUES (181,4,'TRANSITAR COM O VEICULO COM EXCESSO DE PESO ACIMA DE 5000 KG','Média',85.13,1);
INSERT INTO "sgf"."tb_infracao" (codinfracao,pontos,infracao,gravidade,valor, peso) VALUES (182,7,'EM ACIDENTE, NAO PRESERVAR O LOCAL P/ FACILITAR TRABALHO','Gravíssima',957.70,1);
INSERT INTO "sgf"."tb_infracao" (codinfracao,pontos,infracao,gravidade,valor, peso) VALUES (183,7,'EM ACIDENTE, NAO ADOTAR PROVIDNECIAS P/ REMOVER VEIC ','Gravíssima',957.70,1);
INSERT INTO "sgf"."tb_infracao" (codinfracao,pontos,infracao,gravidade,valor, peso) VALUES (184,7,'EM ACIDENTE, NAO IDENTIFICAR-SE OA POLICIAL','Gravíssima',957.70,1);
INSERT INTO "sgf"."tb_infracao" (codinfracao,pontos,infracao,gravidade,valor, peso) VALUES (185,5,'TRANSITAR EM DESACORDO C/AUTORIZAÇAO ESPECIAL SUPERDIMENS','Grave',127.69,1);
INSERT INTO "sgf"."tb_infracao" (codinfracao,pontos,infracao,gravidade,valor, peso) VALUES (186,4,'TRANSITAR COM LOTAÇAO EXCEDENTE','Média',85.13,1);
INSERT INTO "sgf"."tb_infracao" (codinfracao,pontos,infracao,gravidade,valor, peso) VALUES (187,5,'DEIXAR O CONDUTOR DE PRESTAR SOCORRO A VITIMA QDO SOLICITADO','Grave',127.69,1);
INSERT INTO "sgf"."tb_infracao" (codinfracao,pontos,infracao,gravidade,valor, peso) VALUES (188,4,'DEIXAR DE REMOVER  VEICULO ENVOLVIDO EM ACIDENTE SEM VITIMA','Média',85.13,1);
INSERT INTO "sgf"."tb_infracao" (codinfracao,pontos,infracao,gravidade,valor, peso) VALUES (189,4,'EFETUAR TRANSP REMUNERADO DE PESSOAS/BENS S/LICENÇA','Média',85.13,1);
INSERT INTO "sgf"."tb_infracao" (codinfracao,pontos,infracao,gravidade,valor, peso) VALUES (190,5,'REPARAR VEIC EM ROD E VIA TRANS RAPIDO QDO POSS REMOCAO','Grave',127.69,1);
INSERT INTO "sgf"."tb_infracao" (codinfracao,pontos,infracao,gravidade,valor, peso) VALUES (191,4,'TRANSITAR C/VEIC DESLIGADO OU DESENGRENADO EM DECLIVE','Média',85.13,1);
INSERT INTO "sgf"."tb_infracao" (codinfracao,pontos,infracao,gravidade,valor, peso) VALUES (192,3,'REPARAR VEICULO NAS DEMAIS VIAS  QDO POSSIVEL REMOCAO','Leve',53.20,1);
INSERT INTO "sgf"."tb_infracao" (codinfracao,pontos,infracao,gravidade,valor, peso) VALUES (193,4,'TRANS C/VEIC DESLIGADO ACIMA DA CAPACIDADE MAX DE TRAÇAO-MEDIA','Média',85.13,1);
INSERT INTO "sgf"."tb_infracao" (codinfracao,pontos,infracao,gravidade,valor, peso) VALUES (194,5,'TRANS C/VEIC DESLIGADO ACIMA DA CAPACIDADE MAX DE TRAÇAO-GRAVE','Grave',127.69,1);
INSERT INTO "sgf"."tb_infracao" (codinfracao,pontos,infracao,gravidade,valor, peso) VALUES (195,7,'TRANS C/VEIC DESLIGADO ACIMA DA CAPACIDADE MAX DE TRAÇAO-GRAVISSIMA','Gravíssima',191.54,1);
INSERT INTO "sgf"."tb_infracao" (codinfracao,pontos,infracao,gravidade,valor, peso) VALUES (196,3,'CONDUZIR O VEIC S/OS DOCUMENTOS DE PORTE OBRIGATORIO','Leve',53.20,1);
INSERT INTO "sgf"."tb_infracao" (codinfracao,pontos,infracao,gravidade,valor, peso) VALUES (197,5,'DEIXAR DE EFETUAR REGISTRO DE VEICULO NO PRAZO DE 30 DIAS','Grave',127.69,1);
INSERT INTO "sgf"."tb_infracao" (codinfracao,pontos,infracao,gravidade,valor, peso) VALUES (198,7,'FALSIFICAR OU ADULTERAR DOCUMENTO DE HABILITAÇAO OU DO VEICULO','Gravíssima',191.54,1);
INSERT INTO "sgf"."tb_infracao" (codinfracao,pontos,infracao,gravidade,valor, peso) VALUES (199,5,'CONDUZIR PESSOAS OU CARGA EM PARTES EXTERNAS DO VEICULO','Grave',127.69,1);
INSERT INTO "sgf"."tb_infracao" (codinfracao,pontos,infracao,gravidade,valor, peso) VALUES (200,4,'VEICULO IMOBILIZADO NA VIA POR FALTA DE COMBUSTIVEL','Média',85.13,1);
INSERT INTO "sgf"."tb_infracao" (codinfracao,pontos,infracao,gravidade,valor, peso) VALUES (201,4,'ESTACIONAR A MENOS DE 5M DO ALINHAMENTO DA VIA TRANSVERSAL','Média',85.13,1);
INSERT INTO "sgf"."tb_infracao" (codinfracao,pontos,infracao,gravidade,valor, peso) VALUES (202,3,'ESTACIONAR AFASTADO DA GUIA DE 50CM A 1M','Leve',53.20,1);
INSERT INTO "sgf"."tb_infracao" (codinfracao,pontos,infracao,gravidade,valor, peso) VALUES (203,5,'ESTACIONAR AFASTADO DA GUIA A MAIS DE 1M','Grave',127.69,1);
INSERT INTO "sgf"."tb_infracao" (codinfracao,pontos,infracao,gravidade,valor, peso) VALUES (204,4,'ESTACIONAR EM DESACORDO COM O ESTABELECIDO PELO CODIGO','Média',85.13,1);
INSERT INTO "sgf"."tb_infracao" (codinfracao,pontos,infracao,gravidade,valor, peso) VALUES (205,7,'ESTACIONAR NA PISTA DE ROLAMENTO DAS VIAS COM ACOSTAMENTO','Gravíssima',191.54,1);
INSERT INTO "sgf"."tb_infracao" (codinfracao,pontos,infracao,gravidade,valor, peso) VALUES (206,4,'ESTACIONAR VEIC JUNTO A HIDRANTES,REGISTROS, ETC','Média',85.13,1);
INSERT INTO "sgf"."tb_infracao" (codinfracao,pontos,infracao,gravidade,valor, peso) VALUES (207,4,'ESTACIONAR JUNTO/SOBRE HIDRANTE ','Média',85.13,1);
INSERT INTO "sgf"."tb_infracao" (codinfracao,pontos,infracao,gravidade,valor, peso) VALUES (208,4,'ESTACIONAR JUNTO/SOBRE REGISTRO DE AGUA','Média',85.13,1);
INSERT INTO "sgf"."tb_infracao" (codinfracao,pontos,infracao,gravidade,valor, peso) VALUES (209,4,'ESTACIONAR JUNTO/SOBRE TAMPA DE PV DE GARERIA SUBTERRANEA','Média',85.13,1);
INSERT INTO "sgf"."tb_infracao" (codinfracao,pontos,infracao,gravidade,valor, peso) VALUES (210,3,'ESTACIONAR NO ACOSTAMENTO','Leve',53.20,1);
INSERT INTO "sgf"."tb_infracao" (codinfracao,pontos,infracao,gravidade,valor, peso) VALUES (211,5,'ESTACIONAR VEIC NO PASSEIO, FAIXA DE PEDESTRES, ETC  ','Grave',127.69,1);
INSERT INTO "sgf"."tb_infracao" (codinfracao,pontos,infracao,gravidade,valor, peso) VALUES (212,5,'ESTACIONAR NO PASSEIO','Grave',127.69,1);
INSERT INTO "sgf"."tb_infracao" (codinfracao,pontos,infracao,gravidade,valor, peso) VALUES (213,5,'ESTACIONAR SOBRE FAIXA DE PEDESTRES ','Grave',127.69,1);
INSERT INTO "sgf"."tb_infracao" (codinfracao,pontos,infracao,gravidade,valor, peso) VALUES (214,5,'ESTACIONAR SOBRE CICLOVIA  OU  CICLOFAIXA','Grave',127.69,1);
INSERT INTO "sgf"."tb_infracao" (codinfracao,pontos,infracao,gravidade,valor, peso) VALUES (215,5,'ESTACIONAR AO LADO OU SOBRE CANTEIRO CENTRAL, ILHAS, ETC  ','Grave',127.69,1);
INSERT INTO "sgf"."tb_infracao" (codinfracao,pontos,infracao,gravidade,valor, peso) VALUES (216,5,'ESTACIONAR SOBRE GRAMADO OU JARDIM PUBLICO','Grave',127.69,1);
INSERT INTO "sgf"."tb_infracao" (codinfracao,pontos,infracao,gravidade,valor, peso) VALUES (217,4,'ESTACIONAR DIANTE GUIA REBAIXADA ENTRADA/SAIDA VEICULOS ','Média',85.13,1);
INSERT INTO "sgf"."tb_infracao" (codinfracao,pontos,infracao,gravidade,valor, peso) VALUES (218,4,'ESTACIONAR IMPEDINDO MOVIMENTACAO DE OUTRO VEICULO','Média',85.13,1);
INSERT INTO "sgf"."tb_infracao" (codinfracao,pontos,infracao,gravidade,valor, peso) VALUES (219,5,'ESTACIONAR AO LODO DE OUTRO VEICULO(FILA DUPLA)','Grave',127.69,1);
INSERT INTO "sgf"."tb_infracao" (codinfracao,pontos,infracao,gravidade,valor, peso) VALUES (220,5,'ESTACIONAR NO CRUZAMENTO PREJUDICANDO CIRC VEIC/PEDESTRES','Grave',127.69,1);
INSERT INTO "sgf"."tb_infracao" (codinfracao,pontos,infracao,gravidade,valor, peso) VALUES (221,4,'ESTACIONAR JUNTO PONTO EMB/DESEMB TRANSPORTE COLETIVO','Média',85.13,1);
INSERT INTO "sgf"."tb_infracao" (codinfracao,pontos,infracao,gravidade,valor, peso) VALUES (222,5,'ESTACIONAR O VEICULO NOS VIADUTOS,PONTES,E TUNEIS','Grave',127.69,1);
INSERT INTO "sgf"."tb_infracao" (codinfracao,pontos,infracao,gravidade,valor, peso) VALUES (223,5,'ESTACIONAR VEICULO EM VIADUTO','Grave',127.69,1);
INSERT INTO "sgf"."tb_infracao" (codinfracao,pontos,infracao,gravidade,valor, peso) VALUES (224,5,'ESTACIONAR VEICULO EM PONTE','Grave',127.69,1);
INSERT INTO "sgf"."tb_infracao" (codinfracao,pontos,infracao,gravidade,valor, peso) VALUES (225,5,'ESTACIONAR VEICULO EM TUNEL','Grave',127.69,1);
INSERT INTO "sgf"."tb_infracao" (codinfracao,pontos,infracao,gravidade,valor, peso) VALUES (226,4,'ESTACIONAR O VEICULO NA CONTRAMAO DE DIRECAO','Média',85.13,1);
INSERT INTO "sgf"."tb_infracao" (codinfracao,pontos,infracao,gravidade,valor, peso) VALUES (227,5,'ESTACIONAR EM ACLIVE/DECLIVE S/ CALCO (VEIC ACIMA 3500KG)','Grave',127.69,1);
INSERT INTO "sgf"."tb_infracao" (codinfracao,pontos,infracao,gravidade,valor, peso) VALUES (228,3,'ESTACIONAR EM DESACORDO COM A REGULAMENTACAO','Leve',53.20,1);
INSERT INTO "sgf"."tb_infracao" (codinfracao,pontos,infracao,gravidade,valor, peso) VALUES (229,4,'ESTACIONAR EM LOCAL/HORARIO PROIBIDOS PELA SINALIZACAO','Média',85.13,1);
INSERT INTO "sgf"."tb_infracao" (codinfracao,pontos,infracao,gravidade,valor, peso) VALUES (230,5,'ESTACIONAR EM LOCAL/HORA  COM SINALIZ PROIBIDO PARADA/ESTAC','Grave',127.69,1);
INSERT INTO "sgf"."tb_infracao" (codinfracao,pontos,infracao,gravidade,valor, peso) VALUES (231,4,'PARAR A MENOS DE 5M DO ALINHAMENTO DA VIA TRANSVERSAL','Média',85.13,1);
INSERT INTO "sgf"."tb_infracao" (codinfracao,pontos,infracao,gravidade,valor, peso) VALUES (232,3,'PARAR AFASTADO DA GUIA DE 50CM A 1M','Leve',53.20,1);
INSERT INTO "sgf"."tb_infracao" (codinfracao,pontos,infracao,gravidade,valor, peso) VALUES (233,4,'REBOCAR OUTRO VEICULO COM CABO FLEXIVEL OU CORDA','Média',85.13,1);
INSERT INTO "sgf"."tb_infracao" (codinfracao,pontos,infracao,gravidade,valor, peso) VALUES (234,4,'PARAR AFASTADO DA GUIA A MAIS DE 1M ','Média',85.13,1);
INSERT INTO "sgf"."tb_infracao" (codinfracao,pontos,infracao,gravidade,valor, peso) VALUES (235,3,'PARAR EM DESACORDO COM ESTABELECIDO PELO CODICO','Leve',53.20,1);
INSERT INTO "sgf"."tb_infracao" (codinfracao,pontos,infracao,gravidade,valor, peso) VALUES (236,5,'TRANSITARC/VEIC DESACORDO C/ESPECIFE FALTA INSCRIÇAO','Grave',127.69,1);
INSERT INTO "sgf"."tb_infracao" (codinfracao,pontos,infracao,gravidade,valor, peso) VALUES (237,5,'PARAR NA PISTA DE ROLAMENTO DAS VIAS COM ACOSTAMENTO','Grave',127.69,1);
INSERT INTO "sgf"."tb_infracao" (codinfracao,pontos,infracao,gravidade,valor, peso) VALUES (238,3,'PARAR VEIC NO PASSEIO OU FAIXA DE PEDESTRES,ETC','Leve',53.20,1);
INSERT INTO "sgf"."tb_infracao" (codinfracao,pontos,infracao,gravidade,valor, peso) VALUES (239,3,'PARAR NO PASSEIO','Leve',53.20,1);
INSERT INTO "sgf"."tb_infracao" (codinfracao,pontos,infracao,gravidade,valor, peso) VALUES (240,3,'PARAR SOBRE A FAIXA DE PEDESTRE','Leve',53.20,1);
INSERT INTO "sgf"."tb_infracao" (codinfracao,pontos,infracao,gravidade,valor, peso) VALUES (241,3,'PARAR EM ILHAS, CANTEIRO CENTRAL E MARCAS DE CANALIZACAO ','Leve',53.20,1);
INSERT INTO "sgf"."tb_infracao" (codinfracao,pontos,infracao,gravidade,valor, peso) VALUES (242,4,'PARAR NA AREA CRUZAMENTO PREJUD CIRC  VEICULOS/PEDESTRES','Média',85.13,1);
INSERT INTO "sgf"."tb_infracao" (codinfracao,pontos,infracao,gravidade,valor, peso) VALUES (243,4,'PARAR VEIC NOS VIADUTOS, PONTES E TUNEIS ','Média',85.13,1);
INSERT INTO "sgf"."tb_infracao" (codinfracao,pontos,infracao,gravidade,valor, peso) VALUES (244,4,'PARAR VEICULO EM VIADUTO','Média',85.13,1);
INSERT INTO "sgf"."tb_infracao" (codinfracao,pontos,infracao,gravidade,valor, peso) VALUES (245,4,'PARAR VEICULO EM PONTES','Média',85.13,1);
INSERT INTO "sgf"."tb_infracao" (codinfracao,pontos,infracao,gravidade,valor, peso) VALUES (246,4,'PARAR VEICULO EM TUNEIS','Média',85.13,1);
INSERT INTO "sgf"."tb_infracao" (codinfracao,pontos,infracao,gravidade,valor, peso) VALUES (247,4,'PARAR VEICULO NA CONTRAMAO DE DIRECAO','Média',85.13,1);
INSERT INTO "sgf"."tb_infracao" (codinfracao,pontos,infracao,gravidade,valor, peso) VALUES (248,4,'PARAR EM LOCAL/HORA PROIBIDO PELA SINALIZACAO ','Média',85.13,1);
INSERT INTO "sgf"."tb_infracao" (codinfracao,pontos,infracao,gravidade,valor, peso) VALUES (249,4,'PARAR SOBRE FAIXA DE PEDESTRE NAMUDANCA DE SEMAFORO(ELET)','Média',85.13,1);
INSERT INTO "sgf"."tb_infracao" (codinfracao,pontos,infracao,gravidade,valor, peso) VALUES (250,4,'PARAR VEIC SOBRE FX DE PEDESTRE MUDANCA DE SEMAFORO ','Média',85.13,1);
INSERT INTO "sgf"."tb_infracao" (codinfracao,pontos,infracao,gravidade,valor, peso) VALUES (251,3,'TRANSITAR C/ VEIC NA FAIXA DIREITA DE CIRCULACAO EXCLUSIVA','Leve',53.20,1);
INSERT INTO "sgf"."tb_infracao" (codinfracao,pontos,infracao,gravidade,valor, peso) VALUES (252,5,'TRANSITAR C/ VEIC NA FAIXA ESQUERDA DE CIRCULACAO EXCLUSIVA','Grave',127.69,1);
INSERT INTO "sgf"."tb_infracao" (codinfracao,pontos,infracao,gravidade,valor, peso) VALUES (253,4,'QDO VEIC EM MOV DEIXAR DE CONSERVA-LO FAIXA DESTINADA','Média',85.13,1);
INSERT INTO "sgf"."tb_infracao" (codinfracao,pontos,infracao,gravidade,valor, peso) VALUES (254,4,'QDO VEIC LENTO DEIXA DE CONSERVA-LO NAS FAIXAS DE DIREITA','Média',85.13,1);
INSERT INTO "sgf"."tb_infracao" (codinfracao,pontos,infracao,gravidade,valor, peso) VALUES (255,5,'TRANSITAR PELA CONTRAMAO EM VIAS DE DUPLO SENTIDO','Grave',127.69,1);
INSERT INTO "sgf"."tb_infracao" (codinfracao,pontos,infracao,gravidade,valor, peso) VALUES (256,7,'TRANSITAR PELA CONTRAMAO VIAS C/ SINALIZ SENTIDO UNICO','Gravíssima',191.54,1);
INSERT INTO "sgf"."tb_infracao" (codinfracao,pontos,infracao,gravidade,valor, peso) VALUES (257,4,'TRANSITAR LOCAL/HORARIO NAO PERMITIDO','Média',85.13,1);
INSERT INTO "sgf"."tb_infracao" (codinfracao,pontos,infracao,gravidade,valor, peso) VALUES (258,5,'TRANSITAR LOCAL/HORAIO NAO PERMITIDO PARA CAMINHOES, ONIB','Grave',127.69,1);
INSERT INTO "sgf"."tb_infracao" (codinfracao,pontos,infracao,gravidade,valor, peso) VALUES (259,4,'TRANSITAR OA LADO DE OUTRO VEIC INTERROMPENDO O TRANSITO ','Média',85.13,1);
INSERT INTO "sgf"."tb_infracao" (codinfracao,pontos,infracao,gravidade,valor, peso) VALUES (260,7,'DEIXAR DE DAR PASSAGEM VEIC SOCORRO, DE INCENDIO E SALVAM ','Gravíssima',191.54,1);
INSERT INTO "sgf"."tb_infracao" (codinfracao,pontos,infracao,gravidade,valor, peso) VALUES (261,7,'RECUSAR-SE ENTREGAR A AUTORIDADE OS DOCUMENTOS','Gravíssima',191.54,1);
INSERT INTO "sgf"."tb_infracao" (codinfracao,pontos,infracao,gravidade,valor, peso) VALUES (262,7,'NAO DAR PASSAGEM A VEICULO PRECEDIDO BATEDORES','Gravíssima',191.54,1);
INSERT INTO "sgf"."tb_infracao" (codinfracao,pontos,infracao,gravidade,valor, peso) VALUES (263,7,'NAO DAR PASSAGEM A VEIC DE SOCORRO INCENDIO/SALVAMENTO','Gravíssima',191.54,1);
INSERT INTO "sgf"."tb_infracao" (codinfracao,pontos,infracao,gravidade,valor, peso) VALUES (264,7,'RETIRAR S/PERMISSAO VEICULO RETIDO P/AUTORIDADE/AGENTE','Gravíssima',191.54,1);
INSERT INTO "sgf"."tb_infracao" (codinfracao,pontos,infracao,gravidade,valor, peso) VALUES (265,5,'DEIXAR DE PROMOVER BAIXA REGISTRO VEIC  IRRECUPERAVEL','Grave',127.69,1);
INSERT INTO "sgf"."tb_infracao" (codinfracao,pontos,infracao,gravidade,valor, peso) VALUES (266,7,'NAO DAR PASSAGEM A VEICULO DE POLICIA','Gravíssima',191.54,1);
INSERT INTO "sgf"."tb_infracao" (codinfracao,pontos,infracao,gravidade,valor, peso) VALUES (267,3,'DEIXAR DE ATUALIZAR CADASTRO DE HABILITAÇAO OU DO VEICULO','Leve',5.32,1);
INSERT INTO "sgf"."tb_infracao" (codinfracao,pontos,infracao,gravidade,valor, peso) VALUES (268,7,'FAZER FALSA DECLARAÇAO DOMICILIO FINS REGISTRO DA CNH','Gravíssima',191.54,1);
INSERT INTO "sgf"."tb_infracao" (codinfracao,pontos,infracao,gravidade,valor, peso) VALUES (269,7,'NAO DAR PASSAGEM A VEIC OPER E FISCAL DE TRANSITO','Gravíssima',191.54,1);
INSERT INTO "sgf"."tb_infracao" (codinfracao,pontos,infracao,gravidade,valor, peso) VALUES (270,5,'DEIXAR A SEGURADORA DE COMUNICAR ORGAO TRANS PERDA TOTAL','Grave',127.69,1);
INSERT INTO "sgf"."tb_infracao" (codinfracao,pontos,infracao,gravidade,valor, peso) VALUES (271,7,'CONDUZIR MOTOCICLETA,ETC S/USAR CAPACETE SEGURANÇA','Gravíssima',191.54,1);
INSERT INTO "sgf"."tb_infracao" (codinfracao,pontos,infracao,gravidade,valor, peso) VALUES (272,7,'COND MOTOCICLETA,MOTONETA E CICLOMOTOR SEM USAR CAPACETE','Gravíssima',191.54,1);
INSERT INTO "sgf"."tb_infracao" (codinfracao,pontos,infracao,gravidade,valor, peso) VALUES (273,7,'NAO DAR PASSAGEM A AMBULANCIAS','Gravíssima',191.54,1);
INSERT INTO "sgf"."tb_infracao" (codinfracao,pontos,infracao,gravidade,valor, peso) VALUES (274,7,'COND MOTO/MOTONETA/CICLOMOTOR SEM VESTUARIO DE ACORDO','Gravíssima',191.54,1);
INSERT INTO "sgf"."tb_infracao" (codinfracao,pontos,infracao,gravidade,valor, peso) VALUES (275,7,'CONDUZIR MOTOCICLETA ,ETC TRANSPORTANDO PASSAG S/CAPACETE','Gravíssima',191.54,1);
INSERT INTO "sgf"."tb_infracao" (codinfracao,pontos,infracao,gravidade,valor, peso) VALUES (276,5,'SEGUIR VEIC EM SERVICO DE URGENCIA C/ PRIORIDADE PASSAGEM ','Grave',127.69,1);
INSERT INTO "sgf"."tb_infracao" (codinfracao,pontos,infracao,gravidade,valor, peso) VALUES (277,7,'COND MOTO/MOTONETA/CICLOMOTOR C/PASS SEM USAR CAPACETE','Gravíssima',191.54,1);
INSERT INTO "sgf"."tb_infracao" (codinfracao,pontos,infracao,gravidade,valor, peso) VALUES (278,7,'COND MOTO/MOTONETA/CICLOMOTOR C/PASS FORA DO ASSENTO','Gravíssima',191.54,1);
INSERT INTO "sgf"."tb_infracao" (codinfracao,pontos,infracao,gravidade,valor, peso) VALUES (279,7,'FORCAR PASSAGEM ENTRE VEICULOS TRANS SENTIDO OPOSTO','Gravíssima',191.54,1);
INSERT INTO "sgf"."tb_infracao" (codinfracao,pontos,infracao,gravidade,valor, peso) VALUES (280,7,'CONDUZIR MOTOCICLETA,ETC FAZENDO MALABARISMOS','Gravíssima',191.54,1);
INSERT INTO "sgf"."tb_infracao" (codinfracao,pontos,infracao,gravidade,valor, peso) VALUES (281,7,'CONDUZIR MOTOCICLETA,ETC COM OS FAROIS APAGADOS','Gravíssima',191.54,1);
INSERT INTO "sgf"."tb_infracao" (codinfracao,pontos,infracao,gravidade,valor, peso) VALUES (282,7,'CONDUZIR MOTOCICLETA,ETC TRANSP CRIANÇA MENOR 7 ANOS','Gravíssima',191.54,1);
INSERT INTO "sgf"."tb_infracao" (codinfracao,pontos,infracao,gravidade,valor, peso) VALUES (283,5,'DEIXAR DE GUARDAR DIST LAT E FRONTAL ENTRE VEIC OU BORDO','Grave',127.69,1);
INSERT INTO "sgf"."tb_infracao" (codinfracao,pontos,infracao,gravidade,valor, peso) VALUES (284,4,'CONDUZIR MOTOCICLETA,ETC REBOCANDO OUTRO VEICULO','Média',85.13,1);
INSERT INTO "sgf"."tb_infracao" (codinfracao,pontos,infracao,gravidade,valor, peso) VALUES (285,7,'TRANSITAR C/ O VEIC EM CALCADAS, PASSEIOS, PASSARELAS','Gravíssima',574.62,1);
INSERT INTO "sgf"."tb_infracao" (codinfracao,pontos,infracao,gravidade,valor, peso) VALUES (286,4,'CONDUZIR MOTOCICLETA,ETC SEM SEGURAR O GUIDOM','Média',85.13,1);
INSERT INTO "sgf"."tb_infracao" (codinfracao,pontos,infracao,gravidade,valor, peso) VALUES (287,4,'CONDUZIR MOTOCICLETA,ETC TRANSP CARGA INCOMPATIVEL','Média',85.13,1);
INSERT INTO "sgf"."tb_infracao" (codinfracao,pontos,infracao,gravidade,valor, peso) VALUES (288,7,'TRANSITAR EM CALCADAS, PASSEIOS E PASSARELAS ','Gravíssima',574.62,1);
INSERT INTO "sgf"."tb_infracao" (codinfracao,pontos,infracao,gravidade,valor, peso) VALUES (289,4,'P/CICLOS CONDUZIR PASSAGEIRO FORA DA GARUPA OU ASSENTO','Média',85.13,1);
INSERT INTO "sgf"."tb_infracao" (codinfracao,pontos,infracao,gravidade,valor, peso) VALUES (290,7,'TRANSITAR EM CICLOVIAS/CICLOFAIXAS ','Gravíssima',574.62,1);
INSERT INTO "sgf"."tb_infracao" (codinfracao,pontos,infracao,gravidade,valor, peso) VALUES (291,4,'P/ CICLOS TRANSITAR VIAS TRANSITO RAPIDO/RODOVIAS','Média',85.13,1);
INSERT INTO "sgf"."tb_infracao" (codinfracao,pontos,infracao,gravidade,valor, peso) VALUES (292,4,'P/CICLOS TRANSPORTAR CRIANÇAS NAO TENHAM CONDIÇOES SEG','Média',85.13,1);
INSERT INTO "sgf"."tb_infracao" (codinfracao,pontos,infracao,gravidade,valor, peso) VALUES (293,5,'UTILIZAR A VIA P/DEPOSITO DE MERCADORIAS/EQUIPAMENTOS','Grave',127.69,1);
INSERT INTO "sgf"."tb_infracao" (codinfracao,pontos,infracao,gravidade,valor, peso) VALUES (294,7,'NAO SINALIZAR OBSTACULOS A LIVRE CIRCULAÇAO VEIC/PEDESTRE','Gravíssima',191.54,1);
INSERT INTO "sgf"."tb_infracao" (codinfracao,pontos,infracao,gravidade,valor, peso) VALUES (295,7,'TRANSITAR EM AJARDINAMENTOS, GRAMADOS E JARDINS PUBLICOS','Gravíssima',574.62,1);
INSERT INTO "sgf"."tb_infracao" (codinfracao,pontos,infracao,gravidade,valor, peso) VALUES (296,4,'NAO COND P/BORDO DA PISTA VEIC PROP HUMANA/TRAÇAO ANIMAL','Média',85.13,1);
INSERT INTO "sgf"."tb_infracao" (codinfracao,pontos,infracao,gravidade,valor, peso) VALUES (297,5,'TRANSPORTAR EM VEIC DE PASSAGEIROS CARGA EXCEDENTE','Grave',127.69,1);
INSERT INTO "sgf"."tb_infracao" (codinfracao,pontos,infracao,gravidade,valor, peso) VALUES (298,7,'TRANSITAR EM CANTEIRO CENTRAL/ACOSTAMENTO/MARCA CANALIZ','Gravíssima',574.62,1);
INSERT INTO "sgf"."tb_infracao" (codinfracao,pontos,infracao,gravidade,valor, peso) VALUES (299,4,'DEIXAR DE ACENDER NOITE LUZES QDO VEIC PARADO P/EMBARQUE','Média',85.13,1);
INSERT INTO "sgf"."tb_infracao" (codinfracao,pontos,infracao,gravidade,valor, peso) VALUES (300,4,'QDO VEIC EM MOVIM NAO ACENDER LUZ BAIXA A NOITE','Média',85.13,1);
INSERT INTO "sgf"."tb_infracao" (codinfracao,pontos,infracao,gravidade,valor, peso) VALUES (301,4,'QDO VEIC EM MOVIM NAO ACENDER LUZ BAIXA DE DIA TUNEIS','Média',85.13,1);
INSERT INTO "sgf"."tb_infracao" (codinfracao,pontos,infracao,gravidade,valor, peso) VALUES (302,4,'QDO VEIC TRANSP COLETIVO EM MOVIM NAO ACENDER LUZ BAIXA','Média',85.13,1);
INSERT INTO "sgf"."tb_infracao" (codinfracao,pontos,infracao,gravidade,valor, peso) VALUES (303,5,'TRANSITAR EM MARCHA A RE SALVO EM PEQUENAS MANOBRAS','Grave',127.69,1);
INSERT INTO "sgf"."tb_infracao" (codinfracao,pontos,infracao,gravidade,valor, peso) VALUES (304,5,'DESOBEDECER ORDEM DA AUTORIDADE/AGENTE DE RANSITO','Grave',127.69,1);
INSERT INTO "sgf"."tb_infracao" (codinfracao,pontos,infracao,gravidade,valor, peso) VALUES (305,4,'QDO VEIC CICLOMOTORES EM MOVIM NAO ACENDER LUZ BAIXA','Média',85.13,1);
INSERT INTO "sgf"."tb_infracao" (codinfracao,pontos,infracao,gravidade,valor, peso) VALUES (306,4,'QDO VEIC EM MOVIMENTO,NAO ACENDER LUZES SOB CHUVA,ETC','Média',85.13,1);
INSERT INTO "sgf"."tb_infracao" (codinfracao,pontos,infracao,gravidade,valor, peso) VALUES (307,4,'DEIXAR DE MANTER ACESA A PLACA TRASEIRA ILUMINADA A NOITE','Média',85.13,1);
INSERT INTO "sgf"."tb_infracao" (codinfracao,pontos,infracao,gravidade,valor, peso) VALUES (308,5,'DEIXAR DE INDICAR MEDIANTE GESTO REALIZACAO DE MONOBRA','Grave',127.69,1);
INSERT INTO "sgf"."tb_infracao" (codinfracao,pontos,infracao,gravidade,valor, peso) VALUES (309,4,'UTILIZAR PISCA-ALERTA,EXCETO IMOBILIZAÇAO OU EMERGENCIA','Média',85.13,1);
INSERT INTO "sgf"."tb_infracao" (codinfracao,pontos,infracao,gravidade,valor, peso) VALUES (310,4,'UTILIZAR LUZES DO VEIC INTERMITENTE EXCETO P/ULTRAPASSAR','Média',85.13,1);
INSERT INTO "sgf"."tb_infracao" (codinfracao,pontos,infracao,gravidade,valor, peso) VALUES (311,5,'NAO FAZAER SINAL BRACO/LUMINOSO ANTES DE INICIAR MARCHA','Grave',127.69,1);
INSERT INTO "sgf"."tb_infracao" (codinfracao,pontos,infracao,gravidade,valor, peso) VALUES (312,4,'DIRIGIR O VEICULO COM O BRAÇO DO LADO DE FORA','Média',85.13,1);
INSERT INTO "sgf"."tb_infracao" (codinfracao,pontos,infracao,gravidade,valor, peso) VALUES (313,5,'NAO FAZER SINAL BRACO/LUMINOSO ANTES DE PARAR VEICULO','Grave',127.69,1);
INSERT INTO "sgf"."tb_infracao" (codinfracao,pontos,infracao,gravidade,valor, peso) VALUES (314,4,'DIRIGIR VEIC TRANSPORTANDO PESSOAS,ANIMAIS A SUA ESQUERDA','Média',85.13,1);
INSERT INTO "sgf"."tb_infracao" (codinfracao,pontos,infracao,gravidade,valor, peso) VALUES (315,5,'NAO FAZER SINAL BRACO/LUMINOSO ANTES DE MUDAR DE DIRECAO','Grave',127.69,1);
INSERT INTO "sgf"."tb_infracao" (codinfracao,pontos,infracao,gravidade,valor, peso) VALUES (316,5,'NAO FAZER SINAL BRACO/LUMINOSO ANTES DE MUDAR DE FAIXA ','Grave',127.69,1);
INSERT INTO "sgf"."tb_infracao" (codinfracao,pontos,infracao,gravidade,valor, peso) VALUES (317,4,'DIRIGIR VEIC C/ INCAPACIDADE FISICA OU MENTAL TEMPORARIA','Média',85.13,1);
INSERT INTO "sgf"."tb_infracao" (codinfracao,pontos,infracao,gravidade,valor, peso) VALUES (318,4,'DIRIGIR VEIC USANDO CALÇADO QUE COMPROMETA UTILIZ PEDAIS','Média',85.13,1);
INSERT INTO "sgf"."tb_infracao" (codinfracao,pontos,infracao,gravidade,valor, peso) VALUES (319,4,'DIRIGIR O VEIC COM APENAS UMA DAS MAOS','Média',85.13,1);
INSERT INTO "sgf"."tb_infracao" (codinfracao,pontos,infracao,gravidade,valor, peso) VALUES (320,4,'DIRIGIR O VEIC UTILIZANDO-SE DE FONES,TELEFONE CELULAR','Média',85.13,1);
INSERT INTO "sgf"."tb_infracao" (codinfracao,pontos,infracao,gravidade,valor, peso) VALUES (321,4,'DIRIGIR VEICULO UTILIZANDO-SE DE FONES NOS OUVIDOS','Média',85.13,1);
INSERT INTO "sgf"."tb_infracao" (codinfracao,pontos,infracao,gravidade,valor, peso) VALUES (322,4,'DIRIGIR VEICULO UTILIZANDO-SE DE TELEFONE CELULAR','Média',85.13,1);
INSERT INTO "sgf"."tb_infracao" (codinfracao,pontos,infracao,gravidade,valor, peso) VALUES (323,7,'BLOQUEAR A VIA COM VEICULO','Gravíssima',191.54,1);
INSERT INTO "sgf"."tb_infracao" (codinfracao,pontos,infracao,gravidade,valor, peso) VALUES (324,3,'PROIBIR AO PEDESTRE PERMANECER/ANDAR NA PISTA','Leve',26.60,1);
INSERT INTO "sgf"."tb_infracao" (codinfracao,pontos,infracao,gravidade,valor, peso) VALUES (325,3,'PROIBIDO AO PEDESTRE CRUZAR EM VIADUTO/PONTE/TUNEL','Leve',26.60,1);
INSERT INTO "sgf"."tb_infracao" (codinfracao,pontos,infracao,gravidade,valor, peso) VALUES (326,3,'PROIBIDO AO PEDESTRE ATRAVESSAR VIA NA AREA DE CRUZAMENTO','Leve',26.60,1);
INSERT INTO "sgf"."tb_infracao" (codinfracao,pontos,infracao,gravidade,valor, peso) VALUES (327,3,'PROIBIDO AO PEDESTRE UTILIZAR A VIA P/PERTUBAR O TRANSITO','Leve',26.60,1);
INSERT INTO "sgf"."tb_infracao" (codinfracao,pontos,infracao,gravidade,valor, peso) VALUES (328,3,'PROIBIDO AO PEDESTRE ANDAR FORA FAIXA PROPRIA','Leve',26.60,1);
INSERT INTO "sgf"."tb_infracao" (codinfracao,pontos,infracao,gravidade,valor, peso) VALUES (329,3,'PROIBIDO AO PEDESTRE DESOB SINALIZAÇAO DE TRAN ESPECIFICA','Leve',26.60,1);
INSERT INTO "sgf"."tb_infracao" (codinfracao,pontos,infracao,gravidade,valor, peso) VALUES (330,4,'CONDUZIR BICICLETA EM LOCAL PROIBIDO OU FORMA AGRESSIVA','Média',85.13,1);
INSERT INTO "sgf"."tb_infracao" (codinfracao,pontos,infracao,gravidade,valor, peso) VALUES (331,4,'TRANSITAR VELOC SUP MAX PERMITIDA EM ATE 20%','Média',85.13,1);
INSERT INTO "sgf"."tb_infracao" (codinfracao,pontos,infracao,gravidade,valor, peso) VALUES (332,5,'TRANSITAR VELOC SUP MAX PERMITIDA EM MAIS DE 20% ATE 50%','Grave',127.69,1);
INSERT INTO "sgf"."tb_infracao" (codinfracao,pontos,infracao,gravidade,valor, peso) VALUES (333,7,'TRANSITAR VELOC SUP MAX PERMITIDA EM MAIS DE 50%','Gravíssima',574.62,1);
INSERT INTO "sgf"."tb_infracao" (codinfracao,pontos,infracao,gravidade,valor, peso) VALUES (334,0,'TRANSP.PP CUJO DESLOC.SEJA PROIBIDO PELO MIN.TRANSPORTES','Gravíssima',656.54,1);
INSERT INTO "sgf"."tb_infracao" (codinfracao,pontos,infracao,gravidade,valor, peso) VALUES (335,0,'TRANSP.PP A GRANEL QUE NAO CONSTE NO CIPP','Gravíssima',656.54,1);
INSERT INTO "sgf"."tb_infracao" (codinfracao,pontos,infracao,gravidade,valor, peso) VALUES (336,0,'TRANSP.PP A GRANEL EM VEICULO COM CIPP VENCIDO','Gravíssima',656.54,1);
INSERT INTO "sgf"."tb_infracao" (codinfracao,pontos,infracao,gravidade,valor, peso) VALUES (337,0,'TRANSP PESSOAS,ANIMAIS,ALIM,MEDIC,JUNTAMENTE C/PROD.PERIG.','Gravíssima',656.54,1);
INSERT INTO "sgf"."tb_infracao" (codinfracao,pontos,infracao,gravidade,valor, peso) VALUES (338,0,'TRANSPORTAR PESSOAS COM PRODUTOS PERIGOSOS','Gravíssima',656.54,1);
INSERT INTO "sgf"."tb_infracao" (codinfracao,pontos,infracao,gravidade,valor, peso) VALUES (339,0,'TRANSPORTAR ANIMAIS COM PRODUTOS PERIGOSOS','Gravíssima',656.54,1);
INSERT INTO "sgf"."tb_infracao" (codinfracao,pontos,infracao,gravidade,valor, peso) VALUES (340,0,'TRANSP.ALIMENTOS DESTINADO AO CONS.HUMANO/ANIMAL JUNT.C/PP','Gravíssima',656.54,1);
INSERT INTO "sgf"."tb_infracao" (codinfracao,pontos,infracao,gravidade,valor, peso) VALUES (341,0,'TRANSP.MEDICAMENTOS DESTINADO AO CONS.HUMANO/ANIMAL JUNT.C/PP','Gravíssima',656.54,1);
INSERT INTO "sgf"."tb_infracao" (codinfracao,pontos,infracao,gravidade,valor, peso) VALUES (342,0,'TRANSP PROD INCOMPATIVEIS ENTRE SI','Gravíssima',656.54,1);
INSERT INTO "sgf"."tb_infracao" (codinfracao,pontos,infracao,gravidade,valor, peso) VALUES (343,0,'NAO DAR MANUTENÇAO AO VEICULO E AO EQUIPAMENTO','Gravíssima',328.27,1);
INSERT INTO "sgf"."tb_infracao" (codinfracao,pontos,infracao,gravidade,valor, peso) VALUES (344,0,'NAO DAR MANUTENÇAO AO VEICULO','Gravíssima',328.27,1);
INSERT INTO "sgf"."tb_infracao" (codinfracao,pontos,infracao,gravidade,valor, peso) VALUES (345,0,'NAO DAR MANUTENÇAO AO EQUIPAMENTO','Gravíssima',328.27,1);
INSERT INTO "sgf"."tb_infracao" (codinfracao,pontos,infracao,gravidade,valor, peso) VALUES (346,0,'ESTAC.OU PARAR EM DESACORDO COM O ARTIGO 14 DO RTPP','Gravíssima',328.27,1);
INSERT INTO "sgf"."tb_infracao" (codinfracao,pontos,infracao,gravidade,valor, peso) VALUES (347,0,'ESTAC.EM DESACORDO COM O ARTIGO 14 DO RTPP','Gravíssima',328.27,1);
INSERT INTO "sgf"."tb_infracao" (codinfracao,pontos,infracao,gravidade,valor, peso) VALUES (348,0,'PARAR EM DESACORDO COM O ARTIGO 14 DO RTPP','Gravíssima',328.27,1);
INSERT INTO "sgf"."tb_infracao" (codinfracao,pontos,infracao,gravidade,valor, peso) VALUES (349,0,'TRANSP.PP CUJAS EMBALAGENS SE ENCONTREM EM MAS CONDIÇOES','Leve',328.27,1);
INSERT INTO "sgf"."tb_infracao" (codinfracao,pontos,infracao,gravidade,valor, peso) VALUES (350,0,'NAO ADOTAR EM ACID/AVAR. PROV. DA F.DE EMERGENC/ENV.TRANSP.','Gravíssima',328.27,1);
INSERT INTO "sgf"."tb_infracao" (codinfracao,pontos,infracao,gravidade,valor, peso) VALUES (351,4,'DEIXAR DE DESLOCAR VEIC P/ MAIS ESQ OU DIR QDO MONOBRA','Média',85.13,1);
INSERT INTO "sgf"."tb_infracao" (codinfracao,pontos,infracao,gravidade,valor, peso) VALUES (352,0,'NAO ADOTAR EM CASO DE ACID PROV DA F DE EMERG/ENV.TRANSP','Gravíssima',328.27,1);
INSERT INTO "sgf"."tb_infracao" (codinfracao,pontos,infracao,gravidade,valor, peso) VALUES (353,0,'NAO ADOTAR EM CASO DE AVARIA PROV DA F DE EMERG/ENV.TRANSP','Gravíssima',328.27,1);
INSERT INTO "sgf"."tb_infracao" (codinfracao,pontos,infracao,gravidade,valor, peso) VALUES (354,4,'NAO DESLOCAR VEIC C/ ANTECEDENCIA P/ MONOBRAR A ESQUERDA','Média',85.13,1);
INSERT INTO "sgf"."tb_infracao" (codinfracao,pontos,infracao,gravidade,valor, peso) VALUES (355,4,'NAO DESLOCAR VEIC C/ ANTECEDENCIA P/ MONOBRAR A DIREITA','Média',85.13,1);
INSERT INTO "sgf"."tb_infracao" (codinfracao,pontos,infracao,gravidade,valor, peso) VALUES (356,4,'NAO DAR PASSAGEM PELA ESQUERDA QUANDO SOLICITATA','Média',85.13,1);
INSERT INTO "sgf"."tb_infracao" (codinfracao,pontos,infracao,gravidade,valor, peso) VALUES (357,4,'ULTRAPASSAR PELA DIREITA','Média',85.13,1);
INSERT INTO "sgf"."tb_infracao" (codinfracao,pontos,infracao,gravidade,valor, peso) VALUES (358,7,'ULTRPASSAR  P/ DIR VEIC TRANSP COL/ESC PARADO P/ EMB/DESEMB','Gravíssima',191.54,1);
INSERT INTO "sgf"."tb_infracao" (codinfracao,pontos,infracao,gravidade,valor, peso) VALUES (359,4,'NAO GUARDAR DISTANCIA LATERAL OA ULTRAPASSAR BICICLETA','Média',85.13,1);
INSERT INTO "sgf"."tb_infracao" (codinfracao,pontos,infracao,gravidade,valor, peso) VALUES (360,5,'ULTRAPASSAR VEICULO PELO ACOSTAMENTO','Grave',127.69,1);
INSERT INTO "sgf"."tb_infracao" (codinfracao,pontos,infracao,gravidade,valor, peso) VALUES (361,5,'ULTRAPASSAR VEICULO EM INTERSECOES E PASSAGEM DE NIVEL','Grave',127.69,1);
INSERT INTO "sgf"."tb_infracao" (codinfracao,pontos,infracao,gravidade,valor, peso) VALUES (362,7,'ULTRAPASSAR PELA CONTRAMAO VEIC NAS CURVAS S/ VISIBILIDADE','Gravíssima',191.54,1);
INSERT INTO "sgf"."tb_infracao" (codinfracao,pontos,infracao,gravidade,valor, peso) VALUES (363,7,'ULTRAPASSAR PELA CONTRAMAO EM CURVA SEM VISIBILIDADE','Gravíssima',191.54,1);
INSERT INTO "sgf"."tb_infracao" (codinfracao,pontos,infracao,gravidade,valor, peso) VALUES (364,7,'ULTRAPASSAR P/ CONTRAMAO EM ACLIVE/DECLIVE S/VISIBILIDADE','Gravíssima',191.54,1);
INSERT INTO "sgf"."tb_infracao" (codinfracao,pontos,infracao,gravidade,valor, peso) VALUES (365,7,'ULTRAPASSAR PELA CONTRAMAO NA FAIXA DE PEDESTRES','Gravíssima',191.54,1);
INSERT INTO "sgf"."tb_infracao" (codinfracao,pontos,infracao,gravidade,valor, peso) VALUES (366,7,'ULTRAPASSAR PELA CONTRAMAO VEIC NAS PONTES,VIADUTOS, ETC','Gravíssima',191.54,1);
INSERT INTO "sgf"."tb_infracao" (codinfracao,pontos,infracao,gravidade,valor, peso) VALUES (367,7,'ULTRAPASSAR PELA CONTRAMAO EM PONTES','Gravíssima',191.54,1);
INSERT INTO "sgf"."tb_infracao" (codinfracao,pontos,infracao,gravidade,valor, peso) VALUES (368,7,'ULTRAPASSAR PELA CONTRAMAO EM VIADUTOS','Gravíssima',191.54,1);
INSERT INTO "sgf"."tb_infracao" (codinfracao,pontos,infracao,gravidade,valor, peso) VALUES (369,7,'ULTRAPASSAR PELA CONTRAMAO EM TUNEIS','Gravíssima',191.54,1);
INSERT INTO "sgf"."tb_infracao" (codinfracao,pontos,infracao,gravidade,valor, peso) VALUES (370,7,'ULTRAPASSAR PELA CONTRAMAO VEIC PARADO EM FILA,JUNTO A SINALIZ ','Gravíssima',191.54,1);
INSERT INTO "sgf"."tb_infracao" (codinfracao,pontos,infracao,gravidade,valor, peso) VALUES (371,7,'ULTRAPASSAR P/ CONTRAMAO VEICULO PARADO JUNTO A SEMAFORO','Gravíssima',191.54,1);
INSERT INTO "sgf"."tb_infracao" (codinfracao,pontos,infracao,gravidade,valor, peso) VALUES (372,7,'ULTRAPASSAR P/CONTRMAO VEICULO PARADO JUNTO A PORTEIRA','Gravíssima',191.54,1);
INSERT INTO "sgf"."tb_infracao" (codinfracao,pontos,infracao,gravidade,valor, peso) VALUES (373,7,'ULTRAPASSAR P/ CONTRAMAO VEICULO PARADO JUNTO A CONCELA','Gravíssima',191.54,1);
INSERT INTO "sgf"."tb_infracao" (codinfracao,pontos,infracao,gravidade,valor, peso) VALUES (374,7,'ULTRAPASSAR P/ CONTRAMAO VEICULO PARADO JUNTO A CRUZAMENTO','Gravíssima',191.54,1);
INSERT INTO "sgf"."tb_infracao" (codinfracao,pontos,infracao,gravidade,valor, peso) VALUES (375,7,'ULTRAPASSAR P/CONTRMAO VEICULO PARADO IMPEDINDO LIVRE CIR','Gravíssima',191.54,1);
INSERT INTO "sgf"."tb_infracao" (codinfracao,pontos,infracao,gravidade,valor, peso) VALUES (376,7,'ULTRAPASSAR SOBRE LINHA DUPLA/SIMPLES AMARELA CONTINUA','Gravíssima',191.54,1);
INSERT INTO "sgf"."tb_infracao" (codinfracao,pontos,infracao,gravidade,valor, peso) VALUES (377,5,'NAO PARAR NO ACOSTAMENTO A DIR P/CRUZAR A PISTA A ESQUERDA ','Grave',127.69,1);
INSERT INTO "sgf"."tb_infracao" (codinfracao,pontos,infracao,gravidade,valor, peso) VALUES (378,3,'ULTRAPASSAR VEICULO DE CORTEJO/DESFILE/FORMACOES MILITARES','Leve',53.20,1);
INSERT INTO "sgf"."tb_infracao" (codinfracao,pontos,infracao,gravidade,valor, peso) VALUES (379,7,'EXECUTAR RETORNO EM LOCAL PROIBIDO PELA SINALIZACAO','Gravíssima',191.54,1);
INSERT INTO "sgf"."tb_infracao" (codinfracao,pontos,infracao,gravidade,valor, peso) VALUES (380,7,'EXECUTAR OPERACAO DE RETORNO NAS CURVAS, ACLIVES, ETC ','Gravíssima',191.54,1);
INSERT INTO "sgf"."tb_infracao" (codinfracao,pontos,infracao,gravidade,valor, peso) VALUES (381,7,'EXECUTAR RETORNO EM CURVA','Gravíssima',191.54,1);
INSERT INTO "sgf"."tb_infracao" (codinfracao,pontos,infracao,gravidade,valor, peso) VALUES (382,1,'EXECUTAR RETORNO EM ACLIVE/DECLIVE','Gravíssima',191.54,1);
INSERT INTO "sgf"."tb_infracao" (codinfracao,pontos,infracao,gravidade,valor, peso) VALUES (383,7,'EXECUTAR RETORNO EM PONTES/VIADUTOS/TUNEIS','Gravíssima',191.54,1);
INSERT INTO "sgf"."tb_infracao" (codinfracao,pontos,infracao,gravidade,valor, peso) VALUES (384,7,'RETORNAR SOBRE CALCADA/CANTEIRO/JARDIM/FAIXA PEDESTRE','Gravíssima',191.54,1);
INSERT INTO "sgf"."tb_infracao" (codinfracao,pontos,infracao,gravidade,valor, peso) VALUES (385,7,'RETORNAR EM INTERSECOES PELA CONTRAMAO DA TRANSVERSAL','Gravíssima',191.54,1);
INSERT INTO "sgf"."tb_infracao" (codinfracao,pontos,infracao,gravidade,valor, peso) VALUES (386,7,'EXECUTAR OPERACAO DE RETORNO C/PREJUIZO DA SEGURANCA','Gravíssima',191.54,1);
INSERT INTO "sgf"."tb_infracao" (codinfracao,pontos,infracao,gravidade,valor, peso) VALUES (387,7,'EXECUTAR RETORNO COM PREJUIZO DA LIVRE CIRCULACAO','Gravíssima',191.54,1);
INSERT INTO "sgf"."tb_infracao" (codinfracao,pontos,infracao,gravidade,valor, peso) VALUES (388,7,'EXECUTAR RETORNO  COM PREJUIZO DA SEGURANCA','Gravíssima',191.54,1);
INSERT INTO "sgf"."tb_infracao" (codinfracao,pontos,infracao,gravidade,valor, peso) VALUES (389,5,'EXECUTAR OPER DE CONVERSAO A DIR  OU AESQ LOCAIS PROIBIDOS','Grave',127.69,1);
INSERT INTO "sgf"."tb_infracao" (codinfracao,pontos,infracao,gravidade,valor, peso) VALUES (390,5,'EXECUTAR CONVERSAO A DIREITA EM LOCAL PROIBIDO','Gravíssima',127.69,1);
INSERT INTO "sgf"."tb_infracao" (codinfracao,pontos,infracao,gravidade,valor, peso) VALUES (391,5,'EXECUTAR CONVERSAO A ESQUERDA  EM LOCAL PROIBIDO','Grave',127.69,1);
INSERT INTO "sgf"."tb_infracao" (codinfracao,pontos,infracao,gravidade,valor, peso) VALUES (392,7,'AVANCAR O SINAL VERMELHO DO SEMAFORO OU DE PARADA ','Gravíssima',191.54,1);
INSERT INTO "sgf"."tb_infracao" (codinfracao,pontos,infracao,gravidade,valor, peso) VALUES (393,7,'AVANCAR O SINAL VERMELHO DO SEMAFORO (ELETRONICO)','Gravíssima',191.54,1);
INSERT INTO "sgf"."tb_infracao" (codinfracao,pontos,infracao,gravidade,valor, peso) VALUES (394,7,'AVANCAR O SINAL VERMELHO DO SEMAFORO','Gravíssima',191.54,1);
INSERT INTO "sgf"."tb_infracao" (codinfracao,pontos,infracao,gravidade,valor, peso) VALUES (395,7,'AVANCAR O SINAL DE PARADA OBRIGATORIA  ','Gravíssima',191.54,1);
INSERT INTO "sgf"."tb_infracao" (codinfracao,pontos,infracao,gravidade,valor, peso) VALUES (396,5,'TRANSPOR, S/AUTORIZACAO, BLOQUEIO VIARIO C/ OU S/ SINALIZ','Grave',127.69,1);
INSERT INTO "sgf"."tb_infracao" (codinfracao,pontos,infracao,gravidade,valor, peso) VALUES (397,7,'NAO SINALIZAR OBSTACULOS A LIVRE CIRCULAÇAO VEIC/PEDESTRE 2X','Gravíssima',383.07,1);
INSERT INTO "sgf"."tb_infracao" (codinfracao,pontos,infracao,gravidade,valor, peso) VALUES (398,7,'NAO SINALIZAR OBSTACULOS A LIVRE CIRCULAÇAO VEIC/PEDESTRE 3X','Gravíssima',574.62,1);
INSERT INTO "sgf"."tb_infracao" (codinfracao,pontos,infracao,gravidade,valor, peso) VALUES (399,7,'NAO SINALIZAR OBSTACULOS A LIVRE CIRCULAÇAO VEIC/PEDESTRE 4X','Gravíssima',766.15,1);
INSERT INTO "sgf"."tb_infracao" (codinfracao,pontos,infracao,gravidade,valor, peso) VALUES (400,7,'NAO SINALIZAR OBSTACULOS A LIVRE CIRCULAÇAO VEIC/PEDESTRE 5X','Gravíssima',957.70,1);
INSERT INTO "sgf"."tb_infracao" (codinfracao,pontos,infracao,gravidade,valor, peso) VALUES (401,0,'TRANSP.PP A GRANEL S/UTIL.TACOGR.OU C/IRREG.OU NAO APRES.','Gravíssima',328.27,1);
INSERT INTO "sgf"."tb_infracao" (codinfracao,pontos,infracao,gravidade,valor, peso) VALUES (402,0,'TRANSP.PP A GRANEL S/UTIL.TACOGRAFO OU ESTE COM IRREGULAR','Gravíssima',328.27,1);
INSERT INTO "sgf"."tb_infracao" (codinfracao,pontos,infracao,gravidade,valor, peso) VALUES (403,0,'TRANP. PP A GRANEL S/APRES. O DISCO A AUTORIDAD.OU C/IRREG.','Gravíssima',328.27,1);
INSERT INTO "sgf"."tb_infracao" (codinfracao,pontos,infracao,gravidade,valor, peso) VALUES (404,0,'TRANSPORTAR CARGA MAL ESTIVADA','Gravíssima',131.30,1);
INSERT INTO "sgf"."tb_infracao" (codinfracao,pontos,infracao,gravidade,valor, peso) VALUES (405,0,'TRANSP. PP EM VEIC. SEM EQUIP. P/EMERG./EPI OU INCOMP.','Gravíssima',131.30,1);
INSERT INTO "sgf"."tb_infracao" (codinfracao,pontos,infracao,gravidade,valor, peso) VALUES (406,0,'TRANSP. PP EM VEIC. SEM EQUIP. P/EMERG. OU INCOMP.','Gravíssima',131.30,1);
INSERT INTO "sgf"."tb_infracao" (codinfracao,pontos,infracao,gravidade,valor, peso) VALUES (407,0,'TRANSP. PP EM VEIC. SEM EPI,OU INCOMP.','Gravíssima',131.30,1);
INSERT INTO "sgf"."tb_infracao" (codinfracao,pontos,infracao,gravidade,valor, peso) VALUES (408,0,'TRANSP. PP A GRANEL SEM CIPP','Gravíssima',131.30,1);
INSERT INTO "sgf"."tb_infracao" (codinfracao,pontos,infracao,gravidade,valor, peso) VALUES (409,0,'TRANSP. PP SEM A DECLARAÇAO DE RESPONS. DO EXPEDIDOR NA NF','Gravíssima',131.30,1);
INSERT INTO "sgf"."tb_infracao" (codinfracao,pontos,infracao,gravidade,valor, peso) VALUES (410,0,'TRANSP. PP SEM A FICHA DE EMERG. E O ENVELOPE PARA O TRANSP','Gravíssima',131.30,1);
INSERT INTO "sgf"."tb_infracao" (codinfracao,pontos,infracao,gravidade,valor, peso) VALUES (411,0,'TRANSP PP S/ A FICHA DE EMERG. OU EM DESACORDO C/O DEC96044','Gravíssima',13.13,1);
INSERT INTO "sgf"."tb_infracao" (codinfracao,pontos,infracao,gravidade,valor, peso) VALUES (412,0,'TRANSP. PP S/O ENV.P/O TRANSP. OU EM DESACORDO C/O DEC96044','Gravíssima',131.30,1);
INSERT INTO "sgf"."tb_infracao" (codinfracao,pontos,infracao,gravidade,valor, peso) VALUES (413,0,'TRANSP PP SEM UTIL ROTULOS DE RISCO E PAINEIS DE SEGURANÇA','Gravíssima',13.13,1);
INSERT INTO "sgf"."tb_infracao" (codinfracao,pontos,infracao,gravidade,valor, peso) VALUES (414,0,'TRANSP PP SEM UTIL R.DE RISCO E P.SEGUR.NAS EMBALAGENS','Gravíssima',131.30,1);
INSERT INTO "sgf"."tb_infracao" (codinfracao,pontos,infracao,gravidade,valor, peso) VALUES (415,0,'TRANSP PP SEM UTIL R.DE RISCOS E P.SEGUR.NO VEICULO','Gravíssima',131.30,1);
INSERT INTO "sgf"."tb_infracao" (codinfracao,pontos,infracao,gravidade,valor, peso) VALUES (416,0,'CIRCULAR EM VIAS PUBL QDO NAO PERMITIDO TRANSP PROD PERIG.','Gravíssima',131.30,1);
INSERT INTO "sgf"."tb_infracao" (codinfracao,pontos,infracao,gravidade,valor, peso) VALUES (417,0,'NAO COM.IMED.A IMOBILIZ.DO VEIC.EM CASO DE EMERG/ACID/AVAR','Gravíssima',131.30,1);
INSERT INTO "sgf"."tb_infracao" (codinfracao,pontos,infracao,gravidade,valor, peso) VALUES (418,0,'NAO COM.IMED.A IMOBILIZAÇAO DO VEIC.EM CASO DE EMERGENCIA','Gravíssima',131.30,1);
INSERT INTO "sgf"."tb_infracao" (codinfracao,pontos,infracao,gravidade,valor, peso) VALUES (419,0,'NAO COM.IMED.A IMOBILIZAÇAO DO VEIC.EM CASO DE ACIDENTE','Gravíssima',131.30,1);
INSERT INTO "sgf"."tb_infracao" (codinfracao,pontos,infracao,gravidade,valor, peso) VALUES (420,0,'NAO COM.IMED.A IMOBILIZAÇAO DO VEIC.EM CASO DE AVARIA','Gravíssima',131.30,1);
INSERT INTO "sgf"."tb_infracao" (codinfracao,pontos,infracao,gravidade,valor, peso) VALUES (421,0,'EMBARCAR NO VEICULO PP INCOMPATIVEIS ENTRE SI','Gravíssima',656.54,1);
INSERT INTO "sgf"."tb_infracao" (codinfracao,pontos,infracao,gravidade,valor, peso) VALUES (422,0,'EMB.PP QUE NAO CONSTE NO CIPP DO VEIC.E/OU EQUIP.E/OU VENC','Gravíssima',656.54,1);
INSERT INTO "sgf"."tb_infracao" (codinfracao,pontos,infracao,gravidade,valor, peso) VALUES (423,0,'EMB.PP QUE NAO CONSTE NO CIPP DO VEIC.OU C/O MESMO VENCIDO','Gravíssima',656.54,1);
INSERT INTO "sgf"."tb_infracao" (codinfracao,pontos,infracao,gravidade,valor, peso) VALUES (424,0,'EMB.PP QUE NAO CONSTE NO CIPP DO EQUIP.OU C/O MESMO VENCID','Gravíssima',656.54,1);
INSERT INTO "sgf"."tb_infracao" (codinfracao,pontos,infracao,gravidade,valor, peso) VALUES (425,0,'EXP.NF EM DESACORDO C/ART.22,II DO DECRETO 96044','Gravíssima',656.54,1);
INSERT INTO "sgf"."tb_infracao" (codinfracao,pontos,infracao,gravidade,valor, peso) VALUES (426,0,'EXP.PP SEM ACONDICIONAM.CORRETO E C/EMBALAGENS EM MAS COND','Gravíssima',656.54,1);
INSERT INTO "sgf"."tb_infracao" (codinfracao,pontos,infracao,gravidade,valor, peso) VALUES (427,0,'EXP.PP SEM ACONDICIONAMENTO CORRETO','Gravíssima',656.54,1);
INSERT INTO "sgf"."tb_infracao" (codinfracao,pontos,infracao,gravidade,valor, peso) VALUES (428,0,'EXP. PP COM EMBALAGENS EM MAS CONDIÇOES','Gravíssima',656.54,1);
INSERT INTO "sgf"."tb_infracao" (codinfracao,pontos,infracao,gravidade,valor, peso) VALUES (429,0,'NAO COMP.AO LOCAL DO ACIDENTE QDO CONVOCADO PELA AUTORIDADE','Gravíssima',656.54,1);
INSERT INTO "sgf"."tb_infracao" (codinfracao,pontos,infracao,gravidade,valor, peso) VALUES (430,0,'EMB.PP EM VEIC SEM EQUIP.P/SIT.DE EMERG./EPI OU INCOMP.','Gravíssima',328.27,1);
INSERT INTO "sgf"."tb_infracao" (codinfracao,pontos,infracao,gravidade,valor, peso) VALUES (431,0,'EMB.PP EM VEIC.SEM EQUIP.P/SIT.DE EMERG.OU INCOMP.','Gravíssima',328.27,1);
INSERT INTO "sgf"."tb_infracao" (codinfracao,pontos,infracao,gravidade,valor, peso) VALUES (432,0,'EMB.PP EM VEIC.SEM EPI OU INCOMP.','Gravíssima',328.27,1);
INSERT INTO "sgf"."tb_infracao" (codinfracao,pontos,infracao,gravidade,valor, peso) VALUES (433,0,'NAO FORN.AO TRANSP.A F.DE EMERG.E ENV.P/TRANSP OU EM DESC.','Gravíssima',328.27,1);
INSERT INTO "sgf"."tb_infracao" (codinfracao,pontos,infracao,gravidade,valor, peso) VALUES (434,0,'NAO FORN. AO TRANSP. A FICHA DE EMERG.OU EM DESAC.C/DEC96044','Gravíssima',328.27,1);
INSERT INTO "sgf"."tb_infracao" (codinfracao,pontos,infracao,gravidade,valor, peso) VALUES (435,0,'NAO FORN.AO TRANSP.O ENV.P/TRANSP.OU EM DESAC.C/DEC96044','Gravíssima',328.27,1);
INSERT INTO "sgf"."tb_infracao" (codinfracao,pontos,infracao,gravidade,valor, peso) VALUES (436,0,'EMB PROD PERIG EM VEIC SEM ROT DE RISCO E PAINEIS DE SEGUR','Gravíssima',328.27,1);
INSERT INTO "sgf"."tb_infracao" (codinfracao,pontos,infracao,gravidade,valor, peso) VALUES (437,0,'EMB.CARGA FRACION.C/EMBAL.EXT.S/ROTULO DE RISCO OU S/CONS.','Gravíssima',328.27,1);
INSERT INTO "sgf"."tb_infracao" (codinfracao,pontos,infracao,gravidade,valor, peso) VALUES (438,0,'EMBARCAR PP EM VEIC(OU EQUIP)SEM ADEQUADAS COND DE MANUT.','Leve',328.27,1);
INSERT INTO "sgf"."tb_infracao" (codinfracao,pontos,infracao,gravidade,valor, peso) VALUES (439,0,'NAO ESCLAREC.O SUFIC.EM SIT.DE EMERG OU ACIDENTE','Gravíssima',328.27,1);
INSERT INTO "sgf"."tb_infracao" (codinfracao,pontos,infracao,gravidade,valor, peso) VALUES (440,0,'NAO ESCLAREC.O SUF.EM SIT.DE EMERG.QDO SOLICIT.P/AUTORID','Gravíssima',328.27,1);
INSERT INTO "sgf"."tb_infracao" (codinfracao,pontos,infracao,gravidade,valor, peso) VALUES (441,0,'NAO ESCLAREC.O SUFIC.EM CASO DE ACID.QDO SOLICIT.P/AUTORID','Gravíssima',328.27,1);

INSERT INTO "sgf"."tb_marca" (codmarca,descmarca) VALUES (1,'FIAT');
INSERT INTO "sgf"."tb_marca" (codmarca,descmarca) VALUES (2,'FORD');
INSERT INTO "sgf"."tb_marca" (codmarca,descmarca) VALUES (3,'CHEVROLET');
INSERT INTO "sgf"."tb_marca" (codmarca,descmarca) VALUES (4,'VOLKSWAGEN');
INSERT INTO "sgf"."tb_marca" (codmarca,descmarca) VALUES (5,'TOYOTA');
INSERT INTO "sgf"."tb_marca" (codmarca,descmarca) VALUES (6,'HONDA');
INSERT INTO "sgf"."tb_marca" (codmarca,descmarca) VALUES (7,'SUZUKI');
INSERT INTO "sgf"."tb_marca" (codmarca,descmarca) VALUES (8,'YAMAHA');
INSERT INTO "sgf"."tb_marca" (codmarca,descmarca) VALUES (9,'RENAULT');
INSERT INTO "sgf"."tb_marca" (codmarca,descmarca) VALUES (10,'PEUGEOUT');
INSERT INTO "sgf"."tb_marca" (codmarca,descmarca) VALUES (11,'HIUNDAY');
INSERT INTO "sgf"."tb_marca" (codmarca,descmarca) VALUES (12,'ESPECIAL');

INSERT INTO "sgf"."tb_modelo" (codmodelo,codmarca,descmodelo) VALUES (1,1,'SIENA FLEX');
INSERT INTO "sgf"."tb_modelo" (codmodelo,codmarca,descmodelo) VALUES (2,4,'GOLG-IV');
INSERT INTO "sgf"."tb_modelo" (codmodelo,codmarca,descmodelo) VALUES (3,4,'SAVEIRO G-IV');
INSERT INTO "sgf"."tb_modelo" (codmodelo,codmarca,descmodelo) VALUES (10,1,'UNO MILLE');
INSERT INTO "sgf"."tb_modelo" (codmodelo,codmarca,descmodelo) VALUES (11,4,'PARATI');
INSERT INTO "sgf"."tb_modelo" (codmodelo,codmarca,descmodelo) VALUES (12,1,'UNO');
INSERT INTO "sgf"."tb_modelo" (codmodelo,codmarca,descmodelo) VALUES (13,3,'CELTA LIFE');
INSERT INTO "sgf"."tb_modelo" (codmodelo,codmarca,descmodelo) VALUES (16,4,'GOL');
INSERT INTO "sgf"."tb_modelo" (codmodelo,codmarca,descmodelo) VALUES (17,3,'CORSA WIND');
INSERT INTO "sgf"."tb_modelo" (codmodelo,codmarca,descmodelo) VALUES (18,3,'CORSA');
INSERT INTO "sgf"."tb_modelo" (codmodelo,codmarca,descmodelo) VALUES (19,3,'ASTRA SEDAN');
INSERT INTO "sgf"."tb_modelo" (codmodelo,codmarca,descmodelo) VALUES (20,4,'SAVEIRO');
INSERT INTO "sgf"."tb_modelo" (codmodelo,codmarca,descmodelo) VALUES (21,4,'KOMBI');
INSERT INTO "sgf"."tb_modelo" (codmodelo,codmarca,descmodelo) VALUES (22,3,'BLAZER');
INSERT INTO "sgf"."tb_modelo" (codmodelo,codmarca,descmodelo) VALUES (23,2,'F.1000');
INSERT INTO "sgf"."tb_modelo" (codmodelo,codmarca,descmodelo) VALUES (24,5,'KA');
INSERT INTO "sgf"."tb_modelo" (codmodelo,codmarca,descmodelo) VALUES (28,3,'OMEGA');
INSERT INTO "sgf"."tb_modelo" (codmodelo,codmarca,descmodelo) VALUES (29,9,'CLIO');
INSERT INTO "sgf"."tb_modelo" (codmodelo,codmarca,descmodelo) VALUES (30,4,'FIESTA SEDAN');
INSERT INTO "sgf"."tb_modelo" (codmodelo,codmarca,descmodelo) VALUES (33,3,'ASTRA');
INSERT INTO "sgf"."tb_modelo" (codmodelo,codmarca,descmodelo) VALUES (35,1,'UNO MILLE FIRE FLEX');
INSERT INTO "sgf"."tb_modelo" (codmodelo,codmarca,descmodelo) VALUES (36,3,'VECTRA EXPRESSION SEDAN');
INSERT INTO "sgf"."tb_modelo" (codmodelo,codmarca,descmodelo) VALUES (37,4,'RANGER');
INSERT INTO "sgf"."tb_modelo" (codmodelo,codmarca,descmodelo) VALUES (39,3,'VECTRA ELEGANCE');
INSERT INTO "sgf"."tb_modelo" (codmodelo,codmarca,descmodelo) VALUES (41,3,'VECTRA ELITE');
INSERT INTO "sgf"."tb_modelo" (codmodelo,codmarca,descmodelo) VALUES (42,4,'COURRIER');
INSERT INTO "sgf"."tb_modelo" (codmodelo,codmarca,descmodelo) VALUES (47,1,'PALIO');
INSERT INTO "sgf"."tb_modelo" (codmodelo,codmarca,descmodelo) VALUES (48,1,'DUCATO');
INSERT INTO "sgf"."tb_modelo" (codmodelo,codmarca,descmodelo) VALUES (70,1,'ELBA 1.6 I.E');
INSERT INTO "sgf"."tb_modelo" (codmodelo,codmarca,descmodelo) VALUES (72,5,'KOMBI');
INSERT INTO "sgf"."tb_modelo" (codmodelo,codmarca,descmodelo) VALUES (75,12,'VASILHAME');
INSERT INTO "sgf"."tb_modelo" (codmodelo,codmarca,descmodelo) VALUES (77,4,'VW15.190EOD');

INSERT INTO "sgf"."tb_especie" (codespecie,descespecie) VALUES (1,'CARRO');
INSERT INTO "sgf"."tb_especie" (codespecie,descespecie) VALUES (2,'MOTO');
INSERT INTO "sgf"."tb_especie" (codespecie,descespecie) VALUES (3,'ESPECIAL');
INSERT INTO "sgf"."tb_especie" (codespecie,descespecie) VALUES (4,'CAMINHÃO');
INSERT INTO "sgf"."tb_especie" (codespecie,descespecie) VALUES (5,'ÔNIBUS');
INSERT INTO "sgf"."tb_especie" (codespecie,descespecie) VALUES (6,'UTILITÁRIO');

INSERT INTO "sgf"."tb_tipocombustivel" (codtipocombustivel,descservico) VALUES (1,'GASOLINA');
INSERT INTO "sgf"."tb_tipocombustivel" (codtipocombustivel,descservico) VALUES (2,'ETANOL');
INSERT INTO "sgf"."tb_tipocombustivel" (codtipocombustivel,descservico) VALUES (3,'DIESEL');
INSERT INTO "sgf"."tb_tipocombustivel" (codtipocombustivel,descservico) VALUES (4,'GASOLINA/ETANOL');
INSERT INTO "sgf"."tb_tipocombustivel" (codtipocombustivel,descservico) VALUES (5,'BIODIESEL');

INSERT INTO "sgf"."tb_posto" (codposto,nomeposto) VALUES (1,'POSTO 01');
INSERT INTO "sgf"."tb_posto" (codposto,nomeposto) VALUES (2,'POSTO 02');

INSERT INTO "sgf"."tb_cadveiculo" (codveiculo,codespecie,codmodelo,placa,chassi,serie,temseguro, status,combustivel,propriedade,
valoraquisicao,numtombamento,renavam,cor,estacionamento,kmimplantacao,anomodelo,anofab,cod_ua_asi,cod_patrimonio,dt_cadastro) 
VALUES (343,null,12,'HXD3537','9BD15822534494274',null,0,0,'GASOLINA',null,null,null,'810193876','BRANCA',null,null,null,null,'10001',
'6700001148',null);
INSERT INTO "sgf"."tb_cadveiculo" (codveiculo,codespecie,codmodelo,placa,chassi,serie,temseguro,status,combustivel,propriedade,
valoraquisicao,numtombamento,renavam,cor,estacionamento,kmimplantacao,anomodelo,anofab,cod_ua_asi,cod_patrimonio,dt_cadastro) 
VALUES (344,null,12,'HXD3517','9BD15822534494510',null,0,0,'ETANOL', null,null,null,'810316900','PRETO',null,null,null,null,'10001',
'6700001150',null);

INSERT INTO "sgf"."tb_cadveiculo" (codveiculo,codespecie,codmodelo,placa,chassi,serie,temseguro,status,combustivel,propriedade,
valoraquisicao,numtombamento,renavam,cor,estacionamento,kmimplantacao,anomodelo,anofab,cod_ua_asi,cod_patrimonio,dt_cadastro) 
VALUES (345,null,10,'HXV0769','9BD15822764728120',null,0,0,'GASOLINA', null,null,null,'871978016','VERMELHO',null,null,null,null,'10001',
'6740000000',null);

INSERT INTO "sgf"."tb_tiposervico" (codtiposervico,descservico,manutencao) VALUES (1,'ABASTECIMENTO',0);
INSERT INTO "sgf"."tb_tiposervico" (codtiposervico,descservico,manutencao) VALUES (3,'LAVAGEM',0);
INSERT INTO "sgf"."tb_tiposervico" (codtiposervico,descservico,manutencao) VALUES (6,'VERIFICAR SUSPENSÃO/VIDROS ELETRICOS/E AR-CONDICIONADO',1);
INSERT INTO "sgf"."tb_tiposervico" (codtiposervico,descservico,manutencao) VALUES (7,'LUBRIFICAÇÃO',1);
INSERT INTO "sgf"."tb_tiposervico" (codtiposervico,descservico,manutencao) VALUES (36,'TROCA DE ÓLEO DE FREIO',1);
INSERT INTO "sgf"."tb_tiposervico" (codtiposervico,descservico,manutencao) VALUES (38,'ALINHAMENTO',1);
INSERT INTO "sgf"."tb_tiposervico" (codtiposervico,descservico,manutencao) VALUES (39,'BALANCEAMENTO',1);
INSERT INTO "sgf"."tb_tiposervico" (codtiposervico,descservico,manutencao) VALUES (40,'TROCA DE PNEU',1);
INSERT INTO "sgf"."tb_tiposervico" (codtiposervico,descservico,manutencao) VALUES (41,'TROCA DE LONAS DE FREIOS',1);
INSERT INTO "sgf"."tb_tiposervico" (codtiposervico,descservico,manutencao) VALUES (42,'TROCA DE PASTILHAS DE FREIOS',1);
INSERT INTO "sgf"."tb_tiposervico" (codtiposervico,descservico,manutencao) VALUES (43,'TROCA DE BATERIA',1);
INSERT INTO "sgf"."tb_tiposervico" (codtiposervico,descservico,manutencao) VALUES (44,'AMORTECEDORES',1);
INSERT INTO "sgf"."tb_tiposervico" (codtiposervico,descservico,manutencao) VALUES (45,'ALTERNADOR / VERIFICAR AGUA QUE ENTRA NO INTERIOR DO CARRO /VISTORIA G',1);
INSERT INTO "sgf"."tb_tiposervico" (codtiposervico,descservico,manutencao) VALUES (46,'VERIFICAR AGUA  QUE ENTRA  DENTRO DO CARRO',1);
INSERT INTO "sgf"."tb_tiposervico" (codtiposervico,descservico,manutencao) VALUES (47,'CONSERTO DE RADIADOR',1);
INSERT INTO "sgf"."tb_tiposervico" (codtiposervico,descservico,manutencao) VALUES (48,'TROCA DE ALTERNADOR',1);
INSERT INTO "sgf"."tb_tiposervico" (codtiposervico,descservico,manutencao) VALUES (50,'TROCA DE ÓLEO',1);

INSERT INTO "sgf"."tb_postoservico" (codpostoservico,codposto,codtiposervico,codtipocombustivel) VALUES (1,1,1,1);
INSERT INTO "sgf"."tb_postoservico" (codpostoservico,codposto,codtiposervico,codtipocombustivel) VALUES (2,1,1,2);
INSERT INTO "sgf"."tb_postoservico" (codpostoservico,codposto,codtiposervico,codtipocombustivel) VALUES (3,1,1,3);
INSERT INTO "sgf"."tb_postoservico" (codpostoservico,codposto,codtiposervico,codtipocombustivel) VALUES (7,1,7,4);
INSERT INTO "sgf"."tb_postoservico" (codpostoservico,codposto,codtiposervico,codtipocombustivel) VALUES (8,2,1,1);
INSERT INTO "sgf"."tb_postoservico" (codpostoservico,codposto,codtiposervico,codtipocombustivel) VALUES (9,2,1,3);
INSERT INTO "sgf"."tb_postoservico" (codpostoservico,codposto,codtiposervico,codtipocombustivel) VALUES (11,2,3,4);
INSERT INTO "sgf"."tb_postoservico" (codpostoservico,codposto,codtiposervico,codtipocombustivel) VALUES (12,2,7,4);



